wpm,eye_contact_percentage,filler_word_count,grade
152,67.61,14,C
142,30.72,21,D
64,37.0,27,D
156,55.05,20,D
121,79.0,13,C
70,31.8,17,D
152,57.97,30,D
171,34.56,27,D
124,81.58,28,D
137,46.67,13,C
166,7.67,4,D
149,16.61,20,D
153,6.11,13,D
180,49.93,24,D
199,10.63,26,D
102,11.41,7,D
51,94.1,27,D
137,87.27,27,D
87,45.21,22,D
179,98.58,30,D
70,0.02,14,D
107,61.4,27,D
71,61.64,28,D
138,45.74,14,C
98,39.69,29,D
108,45.54,18,C
64,41.5,25,D
100,73.05,19,C
157,13.54,5,D
104,19.76,18,D
113,18.05,26,D
180,26.25,24,D
100,52.53,7,C
184,11.12,5,D
70,86.82,19,C
122,29.74,22,D
67,16.25,28,D
181,67.56,14,D
138,3.81,26,D
109,62.0,2,B
63,69.82,9,D
58,21.49,14,D
139,4.2,23,D
102,36.36,15,D
179,9.86,16,D
133,11.65,18,D
141,25.43,10,D
160,29.55,15,D
57,53.0,4,D
84,67.84,4,C
130,59.28,25,D
99,14.84,13,D
153,17.21,17,D
181,87.88,25,D
51,55.84,7,D
183,86.99,4,D
103,37.15,6,D
155,61.44,30,D
53,52.37,15,D
103,31.91,22,D
195,46.99,13,D
93,50.25,4,C
63,20.08,23,D
144,31.5,8,D
97,79.14,3,B
64,91.58,3,D
89,35.98,15,D
131,30.7,23,D
160,19.52,16,D
102,67.85,14,C
73,32.31,3,D
173,98.77,5,D
90,32.57,15,D
64,39.41,28,D
94,60.33,3,B
114,80.17,5,B
138,46.95,4,C
120,42.27,15,C
58,99.56,29,D
137,1.05,24,D
178,89.51,15,D
185,14.91,9,D
112,78.59,8,B
188,61.79,3,D
130,34.18,28,D
185,87.39,13,D
82,1.29,3,D
172,22.67,11,D
54,56.69,23,D
90,35.15,9,D
77,61.04,30,D
184,2.41,3,D
121,11.65,17,D
61,12.71,12,D
82,18.93,12,D
97,45.93,13,C
200,75.21,30,D
111,90.55,17,C
86,83.54,0,C
148,19.69,20,D
153,44.12,15,C
84,19.94,14,D
150,26.45,21,D
180,50.35,24,D
50,6.81,4,D
54,21.82,28,D
191,93.54,5,D
152,46.61,5,C
76,44.54,2,C
186,1.46,15,D
64,24.74,11,D
139,86.63,3,A
91,16.46,0,D
173,41.51,3,D
112,1.43,0,D
145,47.83,30,D
101,2.1,20,D
145,81.96,26,D
181,82.49,26,D
200,78.77,7,D
192,28.34,23,D
78,83.72,4,C
85,54.3,29,D
62,37.38,25,D
120,62.53,1,B
135,1.23,11,D
77,14.3,21,D
115,74.23,16,C
94,24.42,6,D
111,59.8,10,C
183,38.51,3,D
77,85.48,4,C
77,95.24,5,C
157,88.36,10,B
93,27.06,0,D
133,19.42,24,D
79,47.44,9,C
124,0.73,19,D
177,2.58,23,D
141,55.33,20,D
178,52.04,10,D
170,99.46,23,D
76,20.18,30,D
170,25.81,16,D
165,11.35,7,D
52,91.75,26,D
152,77.78,12,C
186,82.23,26,D
111,90.28,19,C
100,52.49,17,C
108,45.12,26,D
167,33.04,21,D
145,58.92,15,C
162,45.43,1,C
111,45.16,4,C
101,93.69,17,C
61,98.4,2,D
88,79.65,26,D
179,75.68,21,D
180,68.06,16,D
162,16.61,15,D
150,5.91,5,D
162,69.07,18,C
130,72.88,6,B
162,4.7,17,D
51,92.81,13,D
179,9.11,5,D
103,28.59,7,D
136,67.24,14,C
178,16.99,14,D
196,5.54,14,D
175,33.11,15,D
179,76.6,0,D
102,41.37,10,C
117,65.3,26,D
172,57.96,28,D
194,2.22,24,D
87,98.85,4,C
73,4.14,4,D
118,96.78,28,D
165,54.99,27,D
147,96.32,20,D
188,11.48,5,D
193,49.04,1,D
146,16.95,5,D
173,5.1,13,D
119,61.75,10,B
142,20.78,3,D
52,58.77,23,D
197,11.24,28,D
196,33.2,26,D
139,78.16,24,D
196,43.71,8,D
197,62.77,23,D
145,64.75,2,B
101,84.38,25,D
177,32.49,15,D
88,68.73,10,C
131,96.16,26,D
153,73.02,3,B
178,48.99,0,D
60,63.07,24,D
200,73.97,20,D
91,61.23,21,D
148,1.67,15,D
56,19.48,18,D
193,81.05,15,D
139,27.27,10,D
161,73.16,25,D
109,37.21,7,D
162,52.19,30,D
51,6.8,22,D
178,18.12,0,D
97,95.72,25,D
189,89.01,27,D
86,65.23,20,D
58,45.96,25,D
148,67.58,8,B
196,61.86,27,D
97,56.86,26,D
180,5.92,11,D
197,63.28,21,D
103,76.89,7,B
169,99.41,25,D
165,1.11,16,D
124,73.02,9,B
162,57.18,26,D
153,43.41,6,C
133,12.76,18,D
161,40.91,24,D
148,35.44,5,D
142,30.28,20,D
195,73.09,23,D
177,70.07,23,D
159,58.9,27,D
131,93.87,27,D
103,34.99,18,D
117,24.38,17,D
82,65.59,14,C
191,19.88,1,D
70,31.5,13,D
97,22.46,20,D
197,6.92,9,D
177,82.75,27,D
185,25.45,15,D
184,47.3,6,D
194,4.33,7,D
177,69.93,9,D
82,33.06,14,D
164,74.47,7,C
168,41.24,12,C
71,19.58,11,D
87,51.32,7,C
158,13.05,14,D
100,44.05,25,D
57,31.73,11,D
76,91.2,10,C
76,6.09,18,D
70,69.4,13,C
79,18.28,26,D
146,31.9,17,D
77,41.55,12,C
160,90.8,3,B
110,24.26,30,D
97,9.13,16,D
196,31.87,18,D
53,10.47,26,D
84,12.86,8,D
98,57.39,22,D
66,6.09,6,D
95,3.09,0,D
166,71.44,6,C
55,36.16,25,D
148,12.54,6,D
173,25.36,19,D
86,64.21,6,C
73,27.55,7,D
142,49.45,15,C
95,12.17,2,D
144,58.81,12,C
148,31.61,9,D
165,62.7,17,C
116,80.84,6,B
177,61.16,20,D
67,29.57,20,D
74,25.57,29,D
103,32.74,4,D
107,16.46,30,D
116,18.12,22,D
153,79.07,24,D
73,38.47,26,D
163,43.6,23,D
81,59.4,21,D
135,58.97,6,C
200,6.74,24,D
176,83.15,29,D
179,17.73,26,D
66,72.31,21,D
153,77.27,16,C
186,71.49,3,D
92,57.9,23,D
88,1.46,22,D
75,36.04,15,D
148,60.48,18,C
99,38.75,9,D
62,86.35,2,D
109,30.88,26,D
184,29.35,2,D
106,26.6,27,D
85,33.28,30,D
69,55.74,16,D
114,70.7,30,D
57,66.26,9,D
193,80.77,16,D
191,88.59,21,D
164,81.61,29,D
192,1.89,29,D
141,73.59,16,C
147,20.84,20,D
115,13.29,3,D
81,63.85,20,D
135,31.97,22,D
100,5.71,5,D
112,13.76,11,D
174,0.09,24,D
199,90.32,21,D
107,2.46,24,D
107,20.95,19,D
135,41.63,16,C
98,35.66,16,D
119,91.17,9,B
64,4.03,6,D
103,51.22,28,D
150,68.05,15,C
57,93.17,28,D
102,62.04,12,C
109,80.38,2,B
157,8.37,1,D
54,38.59,15,D
152,37.39,29,D
55,88.63,5,D
158,15.14,5,D
165,15.19,12,D
143,32.86,6,D
96,5.45,4,D
148,18.25,23,D
104,96.52,6,B
101,42.82,1,C
193,63.2,30,D
62,72.61,16,D
163,36.7,12,D
173,14.72,29,D
155,20.66,24,D
196,31.33,20,D
194,63.61,27,D
169,39.83,26,D
112,0.68,20,D
68,52.34,27,D
141,92.15,15,C
107,81.21,25,D
139,82.52,19,C
166,79.51,1,C
111,32.37,4,D
72,76.52,17,C
176,14.32,27,D
186,65.77,6,D
189,64.16,10,D
178,2.56,24,D
107,78.8,24,D
171,90.32,10,D
50,26.74,21,D
83,81.24,16,C
145,8.24,15,D
175,60.0,12,D
167,48.56,21,D
97,54.59,4,C
138,92.62,19,C
166,87.13,15,C
178,78.51,27,D
65,27.37,21,D
118,91.18,21,D
71,9.75,15,D
142,85.33,15,C
125,32.82,13,D
193,5.38,5,D
135,66.94,1,B
78,23.13,30,D
118,24.36,13,D
96,30.6,15,D
143,6.37,22,D
193,17.71,29,D
134,0.51,19,D
88,44.54,12,C
149,8.43,14,D
82,68.27,11,C
150,23.56,8,D
72,94.36,25,D
59,87.13,17,D
118,28.94,20,D
149,78.32,13,C
83,80.32,19,C
187,98.66,24,D
196,59.78,3,D
145,8.2,7,D
50,64.68,7,D
118,62.5,21,D
53,63.84,21,D
65,30.71,15,D
73,85.97,26,D
129,95.95,23,D
51,21.77,27,D
177,8.82,28,D
133,19.45,27,D
189,82.06,9,D
173,67.66,24,D
82,63.6,30,D
150,40.18,20,D
61,57.78,26,D
116,30.79,16,D
114,47.72,0,C
123,79.31,30,D
92,98.12,17,C
93,93.25,9,B
78,93.39,25,D
190,40.22,20,D
61,46.88,3,D
144,70.56,0,B
95,92.22,3,B
179,14.2,3,D
84,30.42,25,D
130,13.92,3,D
139,61.2,16,C
57,30.63,8,D
142,32.61,29,D
139,7.09,18,D
164,34.98,12,D
154,86.25,3,B
184,23.31,4,D
107,69.52,28,D
163,62.96,12,C
124,86.35,22,D
169,13.23,15,D
70,97.76,21,D
187,58.26,4,D
150,99.55,7,B
148,91.15,15,C
85,22.15,29,D
145,5.62,0,D
200,25.56,22,D
86,52.76,27,D
61,17.16,5,D
162,16.75,10,D
62,46.26,15,D
72,3.33,4,D
148,12.19,15,D
154,41.59,6,C
79,6.31,18,D
66,39.68,0,D
162,47.4,8,C
111,45.13,17,C
133,86.92,12,C
161,53.01,25,D
135,46.8,14,C
190,41.07,2,D
68,81.76,23,D
149,89.51,27,D
189,85.32,9,D
196,67.35,8,D
125,13.74,12,D
58,27.69,15,D
77,4.61,2,D
177,93.08,21,D
101,66.08,22,D
132,74.64,14,C
160,31.16,16,D
193,84.57,13,D
166,25.96,6,D
118,0.16,19,D
148,37.64,15,D
189,57.08,20,D
74,47.87,7,C
172,86.21,3,D
102,10.54,30,D
200,55.38,19,D
193,51.3,23,D
106,28.14,14,D
88,82.22,4,C
158,75.28,12,C
91,73.29,5,B
191,87.62,27,D
171,72.28,26,D
182,23.18,29,D
124,70.56,4,B
195,30.77,16,D
125,24.22,6,D
58,7.3,5,D
123,74.4,1,B
194,71.1,10,D
56,23.45,6,D
190,74.94,21,D
186,91.78,20,D
76,10.8,7,D
171,23.26,4,D
54,75.03,26,D
78,27.45,17,D
132,62.47,21,D
185,8.12,15,D
158,45.22,13,C
114,73.91,11,B
135,68.65,16,C
194,81.51,4,D
120,87.75,13,C
94,77.32,5,B
181,67.16,14,D
85,3.17,6,D
119,53.5,13,C
68,3.77,17,D
157,80.81,0,B
140,32.07,5,D
139,56.24,2,C
68,27.94,4,D
88,78.25,11,C
175,88.65,30,D
190,39.86,10,D
175,86.29,12,D
107,26.71,15,D
197,53.47,30,D
110,85.88,17,C
176,32.59,30,D
154,95.4,16,C
50,12.19,16,D
180,1.83,28,D
141,90.41,10,B
162,6.86,19,D
105,99.19,9,B
166,95.14,28,D
183,13.7,15,D
107,53.76,1,C
93,18.49,16,D
110,42.82,21,D
96,6.14,29,D
198,22.39,19,D
129,36.33,9,D
167,43.86,12,C
196,97.75,11,D
69,80.79,14,D
195,73.74,6,D
96,53.7,26,D
98,84.0,21,D
63,33.93,20,D
192,70.89,25,D
50,99.38,27,D
166,31.46,12,D
103,67.4,11,B
167,84.43,11,C
52,91.58,27,D
193,71.79,1,D
61,28.36,4,D
123,32.63,24,D
65,2.08,24,D
151,76.09,1,B
166,4.27,22,D
57,86.47,25,D
171,11.87,29,D
141,17.19,19,D
139,47.65,12,C
185,73.79,28,D
109,13.9,2,D
77,44.01,10,C
150,48.29,15,C
90,21.23,0,D
194,11.56,18,D
190,83.64,10,D
95,50.25,8,C
84,1.44,13,D
183,80.3,30,D
131,98.08,8,B
164,60.59,6,C
96,50.37,15,C
59,87.84,2,D
105,95.25,28,D
79,75.45,18,C
158,44.55,3,C
54,59.22,6,D
168,70.09,22,D
82,19.43,27,D
167,44.72,11,C
114,82.98,29,D
195,65.47,17,D
60,41.12,27,D
134,66.34,30,D
75,11.82,4,D
112,40.15,22,D
135,79.31,22,D
108,22.05,21,D
76,18.6,25,D
147,95.08,9,B
154,20.99,11,D
148,26.09,7,D
178,96.96,18,D
198,73.47,14,D
104,69.96,0,B
55,85.29,2,D
144,11.58,26,D
182,70.6,17,D
151,50.37,17,C
52,82.92,29,D
72,50.81,29,D
102,62.02,1,B
132,47.77,4,C
194,47.82,28,D
134,76.8,0,B
127,62.86,9,B
159,63.33,19,C
50,45.03,29,D
100,53.11,9,C
53,74.57,4,D
162,82.59,17,C
81,69.66,20,D
83,92.41,25,D
141,82.03,14,C
144,56.19,19,C
121,67.14,7,B
88,92.63,16,C
167,61.92,30,D
52,82.48,11,D
172,68.88,20,D
99,55.19,29,D
61,24.18,29,D
103,42.6,26,D
182,96.77,11,D
106,65.78,25,D
194,56.44,0,D
161,93.3,25,D
96,58.65,25,D
200,52.61,3,D
134,75.93,7,B
191,71.27,0,D
115,19.32,26,D
124,47.13,14,C
152,47.25,17,C
87,37.82,0,D
99,51.73,10,C
147,41.31,22,D
131,19.93,1,D
79,41.24,0,C
128,7.23,30,D
140,57.58,11,C
101,85.37,15,C
128,72.53,21,D
79,36.04,21,D
155,8.71,9,D
100,20.21,17,D
130,54.55,14,C
182,20.71,16,D
78,54.4,29,D
181,23.16,9,D
187,84.89,2,D
194,39.73,25,D
123,24.56,29,D
66,81.23,20,D
133,34.28,15,D
118,11.15,5,D
83,57.04,2,C
55,58.16,8,D
102,71.47,10,B
175,24.02,20,D
92,44.38,12,C
164,28.24,17,D
160,8.1,25,D
200,87.66,21,D
129,72.89,27,D
144,30.15,23,D
167,59.94,26,D
193,20.13,21,D
57,89.02,3,D
181,11.49,21,D
153,0.38,23,D
181,50.2,7,D
74,58.31,12,C
145,57.9,9,C
142,5.45,1,D
110,31.4,7,D
171,49.92,5,D
100,21.66,15,D
196,87.26,17,D
70,8.71,16,D
54,48.74,5,D
141,69.14,12,C
110,26.18,22,D
71,62.42,13,C
198,82.94,29,D
119,19.03,25,D
50,91.72,20,D
182,55.36,29,D
61,29.92,9,D
139,43.09,23,D
95,31.22,10,D
83,72.51,12,C
127,79.63,11,B
94,83.29,8,B
122,98.58,3,A
75,79.13,6,C
96,60.14,23,D
170,33.92,28,D
105,54.46,21,D
143,4.11,1,D
156,74.48,6,B
112,44.6,28,D
97,2.0,8,D
110,6.25,4,D
130,38.75,14,D
75,58.34,17,C
85,46.42,3,C
50,61.92,18,D
57,48.03,19,D
162,66.17,25,D
148,21.91,6,D
96,11.28,25,D
176,59.64,7,D
105,48.47,16,C
63,2.69,12,D
77,38.05,23,D
127,10.61,20,D
179,53.14,27,D
158,39.58,22,D
63,61.32,10,D
105,80.56,26,D
164,29.97,0,D
56,96.21,1,D
52,53.56,16,D
160,61.83,4,B
200,68.07,29,D
156,66.67,29,D
67,51.1,5,D
87,42.88,25,D
164,5.38,24,D
64,2.21,23,D
168,35.8,6,D
77,33.37,27,D
88,38.77,20,D
66,13.84,29,D
135,73.82,14,C
175,85.7,18,D
93,93.87,15,C
74,49.24,24,D
194,70.09,12,D
62,85.56,4,D
74,41.83,2,C
117,30.94,2,D
187,93.67,18,D
116,51.57,13,C
158,49.73,15,C
195,17.84,21,D
160,10.82,16,D
160,84.21,26,D
83,61.41,3,C
160,32.58,12,D
57,19.17,7,D
162,55.55,18,C
132,58.39,4,C
91,20.7,1,D
150,85.14,14,C
55,8.43,1,D
75,35.61,10,D
113,68.04,12,C
108,27.41,22,D
158,82.77,9,B
170,73.99,2,C
82,78.9,4,C
199,11.91,2,D
70,14.05,5,D
119,28.65,12,D
161,51.81,9,C
53,74.8,18,D
143,83.65,7,B
124,70.43,17,C
111,92.86,2,A
143,73.87,23,D
144,30.63,23,D
104,26.51,16,D
186,69.62,7,D
180,19.29,9,D
80,9.27,1,D
89,53.22,11,C
85,82.16,22,D
55,10.14,5,D
115,79.19,1,B
124,81.16,20,D
53,48.23,22,D
128,5.73,23,D
183,17.46,2,D
167,70.74,16,C
162,71.18,28,D
143,89.84,6,B
111,58.27,28,D
128,12.41,20,D
185,12.14,4,D
75,72.11,22,D
93,18.38,0,D
182,32.84,7,D
119,48.72,11,C
167,2.48,13,D
117,24.88,15,D
68,40.79,9,D
69,27.96,14,D
162,13.64,20,D
189,72.8,23,D
96,81.31,25,D
50,25.75,14,D
139,77.44,9,B
191,38.56,20,D
113,50.67,27,D
87,85.6,6,C
86,75.0,25,D
175,80.51,2,D
188,13.68,1,D
149,6.97,5,D
126,89.34,20,D
52,38.78,8,D
183,28.79,9,D
59,72.47,3,D
54,83.64,26,D
200,86.25,2,D
187,31.6,8,D
179,85.22,23,D
62,4.09,21,D
179,4.97,16,D
133,62.35,13,C
114,6.31,9,D
112,32.46,12,D
150,67.28,11,B
122,33.73,26,D
66,17.96,0,D
58,28.14,27,D
192,45.76,21,D
87,47.54,28,D
143,78.3,18,C
144,75.02,18,C
98,45.68,5,C
118,84.57,12,C
111,11.42,18,D
127,25.54,12,D
166,82.8,26,D
169,37.8,25,D
186,98.12,21,D
125,46.63,20,D
84,79.19,3,C
50,40.23,23,D
89,42.5,1,C
113,38.29,14,D
199,71.91,11,D
109,54.75,29,D
113,94.38,26,D
142,25.09,6,D
121,10.06,19,D
60,39.33,17,D
154,61.67,30,D
63,86.08,22,D
109,34.62,12,D
79,65.38,16,C
84,35.02,3,D
54,61.72,24,D
132,88.48,13,C
172,23.14,19,D
127,40.42,27,D
111,99.33,12,C
181,86.86,2,D
138,56.46,25,D
91,51.66,25,D
138,28.46,17,D
195,51.72,13,D
89,84.82,14,C
121,68.52,2,B
88,29.0,0,D
153,20.15,25,D
63,26.52,23,D
81,16.98,16,D
174,9.56,2,D
146,41.91,13,C
72,11.33,2,D
112,17.19,12,D
192,54.73,14,D
194,16.46,17,D
102,6.39,13,D
153,31.74,20,D
153,22.03,25,D
88,51.53,2,C
183,10.24,18,D
116,75.18,7,B
184,90.62,3,D
91,74.34,3,B
64,53.28,18,D
160,86.07,10,B
82,69.49,0,C
87,1.06,7,D
146,39.41,14,D
82,85.1,0,C
135,34.59,6,D
115,3.52,20,D
59,74.62,19,D
54,80.2,19,D
172,16.06,23,D
123,53.73,10,C
146,19.2,26,D
167,71.92,28,D
87,27.16,13,D
190,31.62,21,D
96,84.5,15,C
158,47.63,13,C
64,66.98,11,D
185,40.24,16,D
54,29.8,13,D
96,62.55,9,B
117,15.49,23,D
125,37.3,28,D
179,20.9,13,D
144,69.58,17,C
164,94.42,21,D
85,99.55,8,C
75,45.03,16,C
92,25.25,5,D
76,44.28,7,C
118,84.73,25,D
197,20.6,12,D
60,95.21,17,D
123,34.19,4,D
153,98.58,5,B
87,83.86,20,D
183,80.86,18,D
72,31.79,3,D
96,0.88,6,D
139,38.21,3,D
95,30.18,24,D
156,3.74,10,D
189,50.54,11,D
190,40.3,13,D
153,63.46,12,C
160,62.12,28,D
153,12.07,9,D
109,97.7,17,C
149,18.69,15,D
117,44.53,4,C
182,48.81,7,D
169,81.31,13,C
86,9.92,4,D
121,42.86,25,D
176,62.85,27,D
155,21.52,23,D
141,62.75,7,B
80,92.37,24,D
171,99.75,25,D
186,3.25,5,D
100,23.56,15,D
78,31.03,27,D
89,39.91,3,D
90,24.23,11,D
60,20.35,10,D
200,95.46,2,D
50,91.85,30,D
95,4.7,11,D
150,33.88,29,D
198,40.51,4,D
139,23.9,5,D
159,62.89,18,C
106,64.04,17,C
50,85.05,15,D
112,74.09,22,D
104,54.26,10,C
164,65.36,4,C
192,27.4,8,D
198,59.31,30,D
102,48.92,2,C
186,13.33,29,D
106,24.25,30,D
166,29.17,7,D
84,92.43,5,C
112,23.04,3,D
74,28.92,11,D
139,36.94,11,D
124,66.37,30,D
87,11.82,24,D
179,95.39,20,D
184,86.56,15,D
140,57.72,30,D
66,67.4,9,D
177,1.67,21,D
157,33.89,13,D
74,79.57,30,D
137,7.75,30,D
78,28.23,12,D
112,58.53,8,C
199,25.64,6,D
163,93.4,11,C
98,13.11,4,D
130,79.74,17,C
133,50.79,3,C
154,75.03,1,B
197,31.07,2,D
167,51.45,25,D
135,85.68,11,B
112,46.69,2,C
153,35.97,3,D
98,53.62,5,C
120,71.74,11,B
50,44.36,18,D
190,93.89,9,D
172,29.49,29,D
111,47.55,0,C
81,75.69,16,C
78,68.91,15,C
98,86.36,8,B
79,99.68,24,D
193,42.69,20,D
68,11.12,8,D
67,3.04,26,D
50,72.69,22,D
127,87.4,8,B
164,22.07,11,D
162,15.84,22,D
163,6.22,8,D
112,82.27,14,C
181,31.14,1,D
178,40.17,10,D
57,50.28,10,D
104,83.95,7,B
152,65.08,22,D
180,61.51,5,D
81,17.57,20,D
59,51.32,19,D
159,71.54,6,B
173,97.33,2,D
136,20.14,7,D
104,0.95,17,D
81,7.53,16,D
184,37.59,10,D
142,82.05,1,A
57,0.71,24,D
114,45.67,20,D
106,32.92,26,D
116,5.25,23,D
121,45.02,18,C
103,25.47,6,D
116,35.19,30,D
100,70.56,17,C
146,52.16,7,C
141,12.46,13,D
57,96.14,6,D
84,63.59,27,D
145,76.59,20,D
137,7.92,27,D
127,4.71,26,D
81,1.94,3,D
169,18.88,16,D
95,41.44,4,C
193,93.58,11,D
191,45.71,8,D
104,29.03,25,D
56,56.19,19,D
123,11.19,12,D
56,60.95,24,D
200,56.84,27,D
134,79.2,17,C
196,98.67,19,D
161,25.09,8,D
174,50.97,3,D
196,90.89,20,D
85,78.52,26,D
78,48.74,7,C
131,94.54,0,A
51,5.72,16,D
178,93.1,24,D
96,5.05,8,D
197,54.73,19,D
60,89.04,12,D
179,26.27,1,D
168,47.22,12,C
189,32.43,8,D
69,95.21,29,D
54,82.36,19,D
86,70.9,5,C
186,58.76,27,D
102,82.06,0,B
148,39.23,27,D
135,44.76,24,D
157,73.0,4,B
73,35.78,30,D
130,6.39,2,D
169,7.43,3,D
108,11.54,0,D
177,86.97,13,D
163,47.22,8,C
164,71.29,29,D
63,39.29,23,D
58,25.87,3,D
89,34.72,17,D
74,79.42,13,C
152,62.52,24,D
71,93.76,3,C
53,67.97,24,D
78,57.02,9,C
158,61.02,2,B
147,94.24,22,D
86,78.82,6,C
124,2.4,9,D
119,53.41,12,C
195,68.83,3,D
177,74.87,17,D
134,21.31,10,D
91,86.72,24,D
149,95.58,3,A
90,23.67,23,D
83,88.26,13,C
66,9.7,17,D
171,5.57,7,D
125,12.92,26,D
136,5.77,9,D
166,84.5,4,C
155,5.91,22,D
135,27.17,6,D
76,10.38,11,D
106,29.54,24,D
80,9.06,2,D
183,66.8,25,D
147,13.33,3,D
61,85.18,9,D
102,81.72,3,B
187,1.37,14,D
194,89.57,28,D
171,2.89,9,D
95,23.96,20,D
113,3.24,29,D
179,33.58,21,D
103,51.39,15,C
156,79.66,14,C
100,33.8,18,D
85,70.55,28,D
164,18.75,19,D
75,75.06,18,C
78,23.6,17,D
198,14.35,25,D
60,18.54,11,D
89,18.21,24,D
60,51.29,15,D
162,84.48,0,C
88,7.96,15,D
103,70.7,1,B
147,65.43,23,D
104,87.25,14,C
160,24.41,6,D
199,45.01,27,D
118,92.58,0,A
105,66.0,4,B
82,38.88,9,D
85,13.14,21,D
197,26.25,20,D
130,58.12,3,C
158,71.82,13,C
122,12.44,12,D
89,59.96,0,C
66,55.04,15,D
178,51.4,22,D
110,69.01,8,B
153,83.74,21,D
91,32.3,15,D
74,88.9,18,C
88,16.06,14,D
84,17.3,25,D
180,26.68,13,D
157,11.95,19,D
151,23.03,9,D
147,10.64,20,D
61,82.18,30,D
68,13.9,11,D
150,74.73,27,D
93,4.79,0,D
98,94.85,20,D
66,71.12,16,D
123,0.68,8,D
106,76.39,22,D
104,51.41,18,C
96,77.94,24,D
61,52.25,17,D
111,64.1,27,D
129,78.63,6,B
132,40.51,8,C
57,0.27,21,D
198,84.99,25,D
130,38.09,20,D
167,49.6,11,C
74,0.78,6,D
138,49.21,13,C
61,98.65,14,D
192,27.83,14,D
108,39.54,5,D
158,68.72,20,D
75,81.48,13,C
96,41.74,1,C
81,30.97,7,D
59,93.78,30,D
65,67.71,12,D
194,11.9,22,D
200,6.89,5,D
75,48.35,4,C
135,22.01,4,D
184,25.4,24,D
63,87.77,0,D
128,8.96,8,D
166,71.54,5,C
56,27.11,19,D
186,76.03,25,D
164,72.24,29,D
121,0.74,6,D
108,50.91,8,C
131,13.93,4,D
165,86.62,13,C
195,87.16,4,D
152,41.83,7,C
66,44.44,6,D
63,30.33,12,D
157,71.66,12,C
94,35.87,7,D
147,26.78,10,D
180,43.22,27,D
86,9.15,25,D
157,74.66,17,C
88,1.26,24,D
64,64.45,18,D
169,18.29,5,D
53,23.24,21,D
142,63.56,1,B
190,99.29,27,D
65,77.77,12,D
157,22.58,22,D
175,17.6,24,D
104,86.62,27,D
83,44.42,25,D
62,13.71,10,D
190,86.22,0,D
67,81.61,23,D
145,98.39,1,A
172,90.97,29,D
88,85.18,16,C
95,5.26,7,D
78,10.44,1,D
111,56.9,5,C
65,53.15,30,D
170,45.8,21,D
59,39.68,4,D
152,43.12,15,C
133,56.93,7,C
182,0.21,18,D
114,26.07,15,D
52,51.83,12,D
191,72.22,25,D
169,17.42,30,D
117,54.69,19,C
195,71.45,6,D
86,44.46,30,D
122,2.71,15,D
192,44.93,22,D
98,29.64,15,D
170,92.96,28,D
137,12.46,11,D
189,65.25,13,D
86,5.27,23,D
110,44.62,17,C
173,55.4,26,D
88,29.8,27,D
112,45.51,17,C
95,16.36,15,D
137,30.41,19,D
60,62.11,15,D
111,30.18,12,D
126,89.97,25,D
101,62.84,28,D
53,43.86,8,D
108,3.88,25,D
121,49.95,27,D
197,76.48,8,D
142,26.56,12,D
112,80.68,28,D
103,25.18,3,D
166,82.37,8,C
159,8.53,14,D
123,86.62,13,C
156,49.92,18,C
106,29.65,11,D
52,26.51,20,D
169,43.2,25,D
55,99.9,24,D
54,22.03,5,D
54,10.32,2,D
103,58.5,25,D
96,48.85,24,D
58,52.42,21,D
148,66.69,19,C
69,26.71,15,D
171,91.07,29,D
110,43.57,19,C
172,12.91,23,D
131,74.23,22,D
111,64.31,16,C
194,31.57,15,D
52,62.15,5,D
62,21.99,7,D
169,44.48,18,C
174,89.94,29,D
138,13.35,24,D
122,38.67,25,D
117,82.11,1,A
191,96.95,13,D
150,45.39,21,D
147,50.7,11,C
60,57.22,16,D
154,93.23,27,D
116,85.82,26,D
172,17.06,14,D
78,43.68,17,C
186,46.4,15,D
125,78.91,12,C
58,60.29,20,D
89,65.42,16,C
74,99.82,7,C
54,7.5,0,D
188,22.3,28,D
173,40.79,24,D
87,34.78,25,D
121,2.16,26,D
182,9.18,2,D
139,68.1,15,C
195,87.93,27,D
86,51.42,1,C
109,53.92,14,C
77,25.51,0,D
130,76.79,8,B
163,75.18,15,C
89,58.84,30,D
94,21.27,3,D
111,9.7,11,D
142,6.42,0,D
164,59.27,0,C
116,82.5,6,B
105,85.83,17,C
89,46.36,22,D
147,78.43,27,D
89,94.69,30,D
140,27.52,22,D
82,39.8,14,D
55,93.15,25,D
196,33.82,29,D
129,91.39,24,D
141,98.1,12,C
146,66.18,15,C
108,81.69,6,B
108,74.95,15,C
97,69.95,12,C
62,30.69,13,D
156,5.71,16,D
94,34.31,11,D
138,66.69,28,D
149,10.25,23,D
56,1.19,23,D
182,13.97,19,D
94,71.57,12,C
107,97.28,23,D
80,98.31,19,C
72,49.4,14,C
187,86.94,23,D
156,73.68,20,D
88,50.1,3,C
131,57.28,21,D
149,13.72,1,D
51,93.77,27,D
126,35.19,17,D
61,44.61,1,D
88,67.17,24,D
62,33.39,14,D
95,25.43,29,D
162,63.1,25,D
66,2.5,18,D
153,72.07,14,C
147,51.4,25,D
137,60.58,19,C
158,63.19,9,B
119,52.71,27,D
123,58.25,23,D
112,68.38,19,C
109,75.31,10,B
128,72.75,25,D
86,86.96,9,C
71,18.94,28,D
197,40.11,22,D
145,94.78,4,A
117,39.66,8,D
66,12.49,19,D
61,52.54,18,D
199,10.95,12,D
194,20.29,17,D
187,99.83,16,D
167,54.14,26,D
71,28.41,5,D
169,99.48,9,C
99,96.66,1,B
63,44.07,23,D
78,26.04,5,D
174,83.84,27,D
56,71.56,27,D
78,68.69,20,D
188,89.31,12,D
82,68.94,17,C
183,28.38,6,D
160,69.39,1,B
128,30.58,28,D
107,75.92,13,C
75,61.97,4,C
78,7.74,17,D
53,51.28,10,D
148,34.33,9,D
190,32.86,10,D
88,60.23,26,D
64,32.23,1,D
168,77.69,14,C
78,7.08,6,D
124,66.04,8,B
165,80.92,4,C
81,67.28,6,C
179,49.72,19,D
133,95.03,1,A
71,29.99,2,D
76,1.92,1,D
130,43.2,20,D
175,3.3,21,D
141,95.39,30,D
70,20.99,30,D
96,78.89,22,D
150,77.46,18,C
133,21.77,3,D
55,62.12,23,D
196,4.81,19,D
180,48.36,6,D
50,1.46,27,D
107,92.11,21,D
173,97.61,6,D
64,22.23,16,D
113,20.81,18,D
74,75.37,21,D
73,25.34,15,D
61,89.51,2,D
67,57.39,14,D
64,35.08,13,D
76,83.27,14,C
121,49.34,13,C
109,91.16,6,B
194,92.8,24,D
142,16.54,2,D
102,0.23,29,D
57,98.39,16,D
128,90.61,9,B
76,5.54,14,D
99,83.3,28,D
180,45.78,5,D
142,25.9,27,D
73,87.87,16,C
109,19.67,16,D
171,94.73,13,D
180,20.56,23,D
197,61.37,24,D
95,22.31,17,D
64,54.57,24,D
66,68.4,4,D
175,19.02,28,D
133,52.09,7,C
58,46.91,6,D
112,7.1,22,D
166,81.83,3,C
179,33.57,17,D
137,57.46,4,C
121,51.48,15,C
188,51.33,13,D
113,10.72,26,D
121,42.35,26,D
70,45.24,18,C
67,73.36,30,D
113,84.0,13,C
131,54.5,8,C
159,8.68,5,D
144,23.68,16,D
81,16.49,18,D
60,12.46,11,D
94,36.59,3,D
82,22.94,15,D
151,21.83,24,D
185,5.47,10,D
60,1.77,21,D
137,10.28,3,D
90,17.22,16,D
194,43.1,7,D
125,51.05,13,C
170,14.06,26,D
95,42.48,1,C
129,34.17,10,D
103,18.34,30,D
135,0.68,10,D
141,46.7,23,D
197,68.57,21,D
146,22.63,23,D
51,13.18,5,D
82,88.7,20,D
126,27.5,20,D
165,22.36,13,D
199,85.71,29,D
152,81.71,9,B
152,44.83,25,D
139,48.92,26,D
171,21.77,7,D
192,7.83,6,D
155,57.34,7,C
168,9.83,27,D
98,44.93,7,C
153,94.05,22,D
110,95.28,1,A
172,23.93,26,D
183,62.41,30,D
58,47.41,15,D
55,87.57,8,D
122,27.14,12,D
152,0.37,22,D
90,16.26,11,D
163,34.95,26,D
57,31.57,30,D
121,79.14,21,D
141,68.06,24,D
111,29.96,28,D
133,45.77,16,C
111,9.56,26,D
160,89.81,1,B
176,93.54,12,D
56,97.98,0,D
133,86.86,25,D
181,17.4,27,D
183,4.62,18,D
107,57.96,10,C
71,91.26,4,C
176,17.74,0,D
52,0.7,19,D
176,80.55,29,D
90,7.68,12,D
155,41.37,7,C
63,67.89,5,D
61,23.68,28,D
136,8.4,16,D
61,77.0,11,D
190,63.02,0,D
74,98.85,2,C
94,34.43,13,D
171,6.18,25,D
196,73.44,30,D
104,52.17,7,C
149,21.32,10,D
185,78.17,26,D
168,20.38,13,D
102,26.07,7,D
81,9.25,28,D
100,39.94,2,D
93,41.89,6,C
131,51.46,27,D
195,70.9,18,D
199,90.61,3,D
86,13.77,24,D
145,5.43,15,D
105,1.85,12,D
154,14.36,19,D
108,65.79,18,C
180,72.75,4,D
84,78.65,22,D
142,24.37,4,D
146,30.59,19,D
184,48.31,23,D
125,6.32,3,D
98,61.11,1,B
143,98.37,25,D
73,36.08,12,D
197,75.28,29,D
86,50.0,15,C
53,12.78,21,D
157,58.22,1,C
175,29.99,18,D
69,3.44,16,D
99,63.49,4,B
145,85.89,24,D
154,34.48,17,D
166,39.03,27,D
147,89.1,22,D
115,81.36,20,D
128,71.5,17,C
55,24.88,7,D
88,91.02,26,D
164,15.44,14,D
174,62.68,12,D
61,2.88,12,D
180,64.37,15,D
67,27.71,21,D
89,44.97,19,C
70,34.53,12,D
192,17.28,19,D
148,62.2,1,B
75,88.2,2,C
57,95.91,14,D
149,19.23,22,D
136,71.74,18,C
91,66.43,12,C
63,34.34,4,D
127,1.91,25,D
51,68.98,21,D
168,94.55,5,C
86,63.21,13,C
118,43.53,3,C
90,52.52,21,D
111,19.96,18,D
109,75.05,22,D
174,74.64,6,D
160,14.55,3,D
63,87.8,1,D
133,26.92,26,D
179,98.23,6,D
119,38.29,2,D
194,17.79,14,D
172,35.17,0,D
138,44.02,1,C
77,6.93,9,D
115,57.82,15,C
54,59.76,24,D
94,73.89,27,D
200,2.92,14,D
96,54.12,23,D
80,5.29,14,D
188,70.11,30,D
59,5.57,13,D
167,91.17,21,D
63,70.21,13,D
129,50.74,5,C
142,44.15,13,C
59,13.07,16,D
125,29.1,17,D
143,86.9,19,C
154,90.45,18,C
50,0.07,29,D
182,59.41,16,D
69,71.93,15,D
57,61.87,7,D
50,8.17,6,D
106,21.77,19,D
113,25.03,27,D
167,83.17,11,C
77,46.32,8,C
170,48.68,26,D
156,93.49,13,C
98,63.71,19,C
169,89.87,0,C
93,45.65,30,D
105,14.94,9,D
160,92.99,30,D
183,45.87,16,D
157,18.16,16,D
197,30.24,16,D
163,5.08,3,D
127,46.83,16,C
179,85.31,17,D
86,93.36,19,C
69,93.26,22,D
75,12.52,1,D
78,38.21,7,D
50,2.82,12,D
168,85.52,22,D
84,35.88,24,D
108,63.11,29,D
118,71.49,21,D
61,42.98,19,D
69,30.64,21,D
92,96.22,14,C
175,96.45,19,D
99,28.94,22,D
78,47.96,8,C
88,97.28,2,C
200,0.49,2,D
87,41.27,1,C
133,10.05,0,D
200,50.92,13,D
177,2.47,16,D
175,40.69,12,D
94,22.07,18,D
101,53.33,29,D
129,99.6,22,D
173,80.05,14,D
168,84.56,26,D
57,63.53,24,D
134,4.16,13,D
178,20.68,1,D
57,92.51,6,D
145,36.61,16,D
151,10.36,17,D
54,70.24,5,D
135,29.95,26,D
83,26.89,20,D
104,99.8,7,B
168,85.81,27,D
163,40.79,26,D
194,98.03,1,D
75,65.01,0,C
185,74.2,15,D
96,3.15,6,D
162,12.16,21,D
125,63.31,23,D
121,89.9,10,B
138,62.37,30,D
95,13.4,14,D
82,11.58,12,D
50,84.42,29,D
196,13.93,23,D
80,52.02,1,C
191,3.71,13,D
102,8.07,23,D
97,67.23,5,B
118,68.92,8,B
154,34.15,27,D
139,21.56,6,D
112,81.37,17,C
122,21.71,23,D
138,54.2,8,C
62,96.82,22,D
122,14.79,3,D
126,94.09,8,B
117,18.29,3,D
147,56.74,11,C
174,37.7,3,D
151,96.49,24,D
181,27.35,29,D
151,39.97,23,D
68,98.29,19,D
131,53.65,13,C
190,50.26,23,D
72,25.78,30,D
132,70.14,23,D
158,1.44,6,D
124,4.95,25,D
178,59.94,12,D
137,34.17,21,D
103,95.33,7,B
138,90.32,22,D
192,71.37,4,D
114,81.81,11,B
125,66.73,12,C
192,12.56,28,D
198,76.55,19,D
196,21.02,13,D
109,32.34,27,D
142,81.92,17,C
98,53.65,26,D
84,85.99,23,D
151,21.3,24,D
60,60.78,19,D
148,8.38,3,D
159,64.31,20,D
123,76.25,17,C
58,58.49,6,D
52,26.62,14,D
134,3.13,20,D
75,11.94,5,D
121,62.23,15,C
97,93.44,19,C
166,20.65,23,D
61,73.5,7,D
182,86.65,27,D
97,52.09,20,D
86,66.93,15,C
93,81.5,27,D
64,26.07,21,D
92,29.69,15,D
136,0.06,2,D
119,96.31,16,C
95,91.75,8,B
157,76.46,24,D
172,7.91,2,D
70,44.75,19,C
200,10.19,28,D
156,1.59,6,D
129,61.62,17,C
96,96.08,11,B
166,90.29,18,C
173,69.68,15,D
192,9.66,21,D
74,27.42,26,D
85,32.01,23,D
100,76.32,30,D
64,80.22,16,D
117,38.51,19,D
70,41.79,14,C
190,4.45,0,D
68,28.91,1,D
83,45.13,7,C
127,11.7,21,D
174,45.33,24,D
166,85.32,1,C
101,58.13,18,C
76,7.89,8,D
84,19.17,8,D
185,47.45,12,D
193,36.15,5,D
155,35.87,29,D
195,52.93,14,D
51,58.44,18,D
126,79.69,20,D
181,34.1,14,D
139,80.55,17,C
138,33.86,6,D
143,5.54,25,D
56,55.42,10,D
144,58.79,7,C
157,93.45,5,B
123,72.61,7,B
88,91.78,1,C
190,90.83,18,D
120,60.46,15,C
105,52.78,6,C
91,55.74,9,C
85,97.83,11,C
133,77.32,16,C
167,10.63,6,D
56,77.84,21,D
103,17.05,7,D
178,44.74,6,D
169,21.05,3,D
155,68.96,2,B
96,87.73,18,C
172,29.04,14,D
190,8.2,3,D
168,29.85,30,D
199,67.24,24,D
167,32.88,8,D
70,27.81,12,D
186,18.44,17,D
75,49.75,20,D
58,27.59,15,D
64,73.1,0,D
59,7.66,3,D
171,66.4,17,D
170,23.76,7,D
174,48.93,19,D
121,28.61,15,D
98,72.28,20,D
140,94.53,10,B
86,91.71,19,C
117,58.34,20,D
99,46.26,20,D
68,81.83,20,D
149,68.33,26,D
109,18.36,18,D
138,82.09,22,D
195,42.89,18,D
196,18.9,17,D
118,28.18,18,D
98,26.75,10,D
157,51.92,2,C
168,23.44,7,D
198,12.36,19,D
199,12.37,18,D
86,58.33,9,C
192,73.48,15,D
60,32.15,4,D
187,3.47,19,D
127,12.72,8,D
126,91.47,7,B
51,49.35,10,D
113,45.36,15,C
84,3.8,6,D
56,72.86,14,D
134,52.81,23,D
195,20.21,28,D
116,11.01,20,D
91,38.34,19,D
167,83.72,22,D
174,86.53,16,D
73,60.28,5,C
95,72.75,14,C
68,11.52,7,D
117,58.81,6,C
151,66.7,1,B
91,20.07,29,D
81,88.02,12,C
158,19.5,29,D
85,31.35,22,D
146,62.06,28,D
180,63.84,5,D
122,69.94,28,D
185,11.2,4,D
146,84.95,19,C
172,53.28,0,D
119,47.13,28,D
62,98.11,17,D
98,74.04,14,C
109,11.8,22,D
179,75.65,9,D
54,9.52,2,D
76,2.75,4,D
198,40.36,23,D
57,99.36,28,D
99,17.49,12,D
116,67.26,7,B
93,17.34,21,D
174,72.48,20,D
107,50.54,28,D
52,68.0,1,D
135,20.29,8,D
119,74.56,16,C
179,99.56,26,D
51,66.57,17,D
151,49.35,12,C
84,92.32,0,C
147,1.59,11,D
79,72.99,19,C
165,88.87,19,C
57,6.17,20,D
199,45.01,4,D
93,20.47,7,D
85,56.65,26,D
126,64.95,14,C
80,30.26,26,D
96,46.0,2,C
104,27.93,5,D
155,36.94,27,D
170,15.95,12,D
104,88.56,11,B
193,1.0,18,D
61,88.24,28,D
194,57.17,17,D
193,33.17,23,D
189,72.31,0,D
185,50.78,24,D
52,49.91,26,D
193,11.01,6,D
79,38.95,11,D
72,24.11,9,D
141,1.57,28,D
164,36.01,30,D
153,8.98,11,D
167,25.68,10,D
54,9.25,3,D
153,10.09,18,D
157,19.9,5,D
114,99.98,24,D
170,0.22,30,D
79,63.87,8,C
198,14.12,19,D
133,92.06,9,B
199,9.36,4,D
81,95.51,26,D
65,61.09,12,D
87,0.13,8,D
191,89.4,1,D
85,52.17,17,C
200,26.27,20,D
163,76.73,0,C
115,92.67,23,D
154,48.37,20,D
134,31.56,11,D
51,78.89,9,D
124,68.18,1,B
116,88.88,27,D
200,69.25,8,D
104,24.35,1,D
55,93.17,22,D
199,10.48,23,D
192,26.79,29,D
135,52.02,21,D
109,56.57,13,C
150,1.53,10,D
61,78.06,22,D
98,36.16,10,D
91,40.64,16,C
131,80.94,3,A
84,37.93,12,D
183,4.72,6,D
116,17.64,15,D
129,95.59,0,A
56,7.04,12,D
63,35.49,0,D
122,50.32,10,C
192,49.33,5,D
198,0.4,19,D
115,50.12,2,C
140,38.38,11,D
179,97.21,30,D
69,15.92,4,D
59,35.42,8,D
74,41.95,25,D
74,39.07,25,D
103,66.58,11,B
82,21.55,29,D
144,22.11,29,D
63,72.92,27,D
114,50.03,26,D
159,41.52,9,C
129,16.92,18,D
103,18.75,4,D
174,1.06,25,D
180,9.14,4,D
183,55.68,8,D
74,89.19,26,D
190,28.72,27,D
166,32.77,25,D
185,11.56,26,D
198,38.86,19,D
74,3.72,16,D
128,91.76,9,B
117,67.31,20,D
61,99.07,0,D
81,88.28,21,D
177,47.3,27,D
145,51.97,15,C
141,19.06,25,D
190,46.2,25,D
80,90.3,14,C
127,5.09,22,D
69,86.36,16,D
195,34.09,25,D
109,89.95,19,C
183,94.09,24,D
142,67.09,12,C
92,66.44,0,B
179,45.28,24,D
109,83.55,7,B
200,96.16,4,D
80,77.51,5,C
54,62.19,22,D
59,60.68,19,D
138,84.95,29,D
179,54.12,13,D
175,80.39,21,D
60,50.89,22,D
105,6.24,10,D
132,38.39,30,D
186,44.44,5,D
148,14.16,10,D
198,10.25,12,D
122,53.55,30,D
164,8.51,11,D
56,30.29,21,D
129,74.46,1,B
193,96.44,20,D
146,71.79,2,B
53,99.26,22,D
53,69.83,3,D
152,29.38,16,D
89,67.21,27,D
66,70.22,27,D
150,37.17,21,D
152,1.77,5,D
173,70.32,6,D
101,2.17,14,D
101,63.12,10,B
173,16.36,23,D
112,56.56,30,D
165,50.39,2,C
111,1.35,29,D
56,36.29,5,D
141,60.11,25,D
63,84.86,1,D
135,88.86,28,D
182,48.38,13,D
179,72.84,8,D
111,31.65,17,D
198,34.22,18,D
128,19.45,11,D
198,56.19,30,D
187,31.46,30,D
107,8.44,12,D
169,68.5,25,D
182,70.78,11,D
114,36.0,11,D
62,7.67,17,D
131,42.63,8,C
188,44.23,16,D
198,66.87,20,D
101,31.54,15,D
166,68.26,16,C
75,87.15,20,D
83,23.75,23,D
101,97.89,7,B
161,38.64,10,D
131,26.73,23,D
91,42.15,1,C
70,9.44,7,D
91,12.57,11,D
190,41.44,20,D
162,76.24,30,D
154,90.03,0,B
66,66.48,22,D
169,10.52,12,D
186,67.2,21,D
178,63.54,20,D
179,80.58,16,D
109,82.52,13,C
97,86.82,13,C
78,41.41,15,C
146,69.79,16,C
59,26.83,5,D
107,99.93,25,D
70,17.53,27,D
77,1.01,6,D
83,14.88,25,D
57,77.59,25,D
128,44.68,0,C
194,44.75,24,D
136,95.5,14,C
137,91.96,19,C
118,31.12,20,D
136,20.91,17,D
150,84.85,29,D
57,90.6,27,D
126,54.16,25,D
136,62.94,12,C
92,25.69,23,D
178,80.08,29,D
158,63.21,1,B
66,50.35,18,D
182,6.01,14,D
197,91.59,11,D
70,61.55,14,C
107,19.27,24,D
159,60.64,17,C
188,67.75,13,D
192,52.58,5,D
184,71.81,11,D
77,58.15,19,C
100,94.78,22,D
54,5.37,29,D
54,10.62,29,D
143,17.37,5,D
145,69.02,25,D
57,64.56,29,D
113,89.21,8,B
187,73.29,29,D
87,50.84,24,D
160,99.18,25,D
161,26.61,3,D
130,83.32,16,C
185,42.68,1,D
153,64.87,15,C
122,72.73,23,D
98,63.38,13,C
85,14.05,25,D
175,44.3,7,D
117,56.14,13,C
127,84.9,30,D
154,44.36,1,C
171,91.87,15,D
168,44.04,3,C
163,54.88,0,C
59,79.63,22,D
198,58.31,19,D
189,96.02,26,D
140,66.03,13,C
51,52.27,7,D
167,2.36,24,D
62,41.37,27,D
144,29.92,24,D
193,74.81,2,D
81,20.83,4,D
81,20.52,5,D
173,18.95,21,D
60,12.56,25,D
59,31.1,7,D
64,88.59,5,D
66,77.49,5,D
195,73.53,3,D
108,79.73,6,B
127,26.94,29,D
173,88.74,29,D
163,13.73,23,D
71,33.63,18,D
81,58.67,6,C
162,10.29,2,D
169,73.01,7,C
198,38.72,0,D
171,78.44,0,D
81,49.29,13,C
168,18.09,5,D
88,73.48,9,C
61,25.21,24,D
67,49.08,27,D
198,7.55,13,D
190,61.79,3,D
198,66.59,5,D
175,37.87,15,D
185,95.44,27,D
95,87.42,20,D
153,70.79,27,D
184,71.37,30,D
200,25.24,0,D
135,65.68,5,B
199,19.82,8,D
138,14.4,30,D
71,99.95,14,C
141,62.24,11,B
78,43.1,2,C
62,28.82,10,D
51,60.39,14,D
78,4.96,2,D
76,9.47,13,D
99,3.29,1,D
144,49.92,28,D
200,60.06,3,D
137,6.25,25,D
93,72.12,18,C
71,23.04,11,D
146,68.52,1,B
52,98.19,16,D
167,69.11,2,C
68,88.32,9,D
72,94.82,15,C
79,48.68,21,D
88,70.23,8,C
157,85.2,10,B
160,35.66,20,D
74,26.14,14,D
177,94.66,2,D
160,72.63,15,C
185,21.97,29,D
155,44.91,20,D
193,79.65,20,D
121,54.71,20,D
178,65.0,27,D
157,75.38,11,B
54,62.2,22,D
52,54.01,4,D
181,74.96,6,D
153,72.76,8,B
113,62.99,20,D
155,35.98,17,D
147,40.58,20,D
59,97.04,7,D
198,11.24,11,D
177,26.85,19,D
95,49.24,1,C
115,83.67,9,B
161,16.37,18,D
62,27.7,8,D
186,6.58,24,D
135,70.6,23,D
139,23.82,7,D
107,38.87,23,D
103,44.37,23,D
61,89.13,23,D
63,41.13,0,D
170,14.52,5,D
170,52.43,11,C
69,96.3,24,D
124,60.77,23,D
193,98.34,18,D
119,84.11,26,D
105,3.6,16,D
150,65.84,1,B
181,28.68,10,D
160,55.96,30,D
174,27.93,17,D
181,34.89,22,D
69,92.32,27,D
187,20.66,21,D
73,87.41,10,C
86,3.05,17,D
103,9.09,7,D
152,85.47,14,C
198,63.06,8,D
87,74.72,14,C
53,20.94,6,D
106,53.71,19,C
69,73.72,12,D
66,62.73,12,D
168,47.17,0,C
120,95.98,19,C
53,67.62,3,D
63,90.78,23,D
52,72.98,3,D
129,73.55,3,B
104,8.0,12,D
181,35.95,1,D
169,85.84,27,D
73,23.26,25,D
131,11.55,22,D
196,32.61,14,D
109,22.04,3,D
196,92.53,26,D
98,86.8,5,B
112,49.97,2,C
159,6.13,6,D
199,71.46,5,D
158,62.34,2,B
125,97.06,3,A
79,55.9,9,C
107,33.64,29,D
166,51.9,20,D
149,97.93,8,B
68,69.64,29,D
143,67.2,5,B
162,24.07,28,D
195,74.36,19,D
112,75.03,26,D
165,31.73,10,D
162,48.37,6,C
96,29.46,17,D
106,25.87,3,D
167,2.59,4,D
94,28.52,3,D
194,55.4,3,D
53,0.16,26,D
197,28.32,12,D
96,88.14,15,C
192,59.36,24,D
96,60.79,13,C
127,40.34,10,C
173,67.65,28,D
124,18.99,1,D
152,81.87,21,D
186,11.67,13,D
139,65.6,23,D
193,34.11,23,D
118,74.75,26,D
110,54.98,6,C
187,45.24,25,D
99,16.94,10,D
52,63.68,3,D
156,97.48,6,B
162,82.56,28,D
143,6.0,15,D
167,37.62,25,D
130,92.56,5,B
158,50.3,26,D
100,66.21,5,B
196,91.26,1,D
84,87.38,23,D
95,50.18,7,C
118,43.76,29,D
142,33.97,26,D
113,71.9,6,B
98,28.7,26,D
198,24.99,24,D
123,35.62,23,D
54,17.72,13,D
149,69.51,8,B
119,61.62,14,C
139,48.29,24,D
53,39.03,21,D
175,90.91,17,D
88,2.91,11,D
178,76.91,22,D
73,90.19,18,C
106,44.64,12,C
149,55.07,6,C
119,94.45,24,D
90,21.23,9,D
109,52.01,29,D
157,47.47,9,C
106,25.84,1,D
80,81.86,13,C
133,89.96,12,C
85,78.19,21,D
157,19.54,28,D
155,8.67,5,D
135,60.54,8,B
184,5.71,12,D
63,67.28,8,D
169,53.04,30,D
187,66.28,12,D
129,59.02,4,C
193,42.27,13,D
155,20.09,4,D
119,30.57,8,D
93,52.45,7,C
122,65.19,6,B
94,77.95,7,B
156,76.72,21,D
133,97.27,2,A
131,28.58,22,D
156,7.11,23,D
70,34.57,14,D
56,74.33,7,D
119,43.81,0,C
176,81.78,6,D
192,54.93,18,D
197,92.98,1,D
192,94.79,13,D
198,6.93,17,D
169,45.64,29,D
177,60.97,14,D
191,25.59,13,D
106,40.71,23,D
107,67.77,24,D
70,22.67,18,D
131,60.2,29,D
118,69.74,18,C
180,9.05,21,D
136,49.75,26,D
98,26.31,25,D
196,72.44,16,D
164,18.96,21,D
138,89.22,27,D
134,43.09,18,C
177,19.8,26,D
189,43.8,15,D
166,40.87,19,C
176,42.89,24,D
120,58.56,18,C
135,52.12,0,C
82,14.98,18,D
130,6.56,6,D
110,72.94,28,D
110,55.97,22,D
147,35.9,10,D
77,80.84,4,C
92,38.81,29,D
135,79.6,16,C
66,30.58,10,D
147,7.28,23,D
147,93.26,25,D
114,39.46,7,D
123,79.27,9,B
134,27.91,11,D
54,64.64,9,D
51,87.33,12,D
71,4.16,25,D
161,83.06,17,C
106,57.13,9,C
115,60.75,18,C
123,52.32,19,C
147,87.45,16,C
193,4.34,19,D
161,26.1,15,D
174,87.58,4,D
135,75.23,2,B
125,1.76,29,D
137,51.7,26,D
87,52.96,14,C
108,40.09,25,D
187,29.74,1,D
148,68.17,12,C
112,20.78,21,D
98,79.89,7,B
81,80.3,22,D
184,41.53,26,D
70,28.35,29,D
69,28.39,16,D
176,48.23,3,D
117,71.96,18,C
159,35.89,21,D
165,61.0,24,D
192,38.25,8,D
169,30.45,22,D
128,2.49,14,D
165,0.39,27,D
141,22.72,8,D
63,40.64,23,D
174,85.13,20,D
107,79.85,8,B
77,26.72,13,D
75,24.45,22,D
162,22.73,20,D
115,33.92,15,D
180,49.82,30,D
93,43.87,23,D
146,21.83,30,D
91,13.05,22,D
55,1.26,24,D
72,15.4,25,D
138,70.54,16,C
172,24.36,30,D
196,46.86,12,D
100,59.13,8,C
60,88.68,14,D
61,88.89,6,D
123,74.57,0,B
57,3.52,0,D
90,57.51,4,C
134,78.66,23,D
121,1.73,8,D
104,54.97,11,C
186,85.78,5,D
96,47.41,27,D
192,0.41,12,D
153,1.1,25,D
91,41.66,27,D
109,15.5,7,D
61,66.45,14,D
179,70.88,5,D
56,17.79,26,D
129,88.85,5,B
180,44.19,3,D
158,14.28,10,D
52,76.43,20,D
76,79.0,29,D
163,63.93,17,C
156,85.35,2,B
89,73.74,2,C
178,88.22,29,D
57,43.39,11,D
150,74.76,26,D
173,99.98,20,D
156,72.49,29,D
150,11.42,20,D
53,51.83,5,D
159,58.73,20,D
68,17.42,27,D
81,96.29,5,C
186,17.56,7,D
61,17.76,14,D
188,91.52,17,D
95,46.52,19,C
168,6.32,28,D
65,59.82,15,D
178,60.18,5,D
112,6.45,27,D
158,97.25,20,D
168,54.4,16,C
70,55.98,8,C
62,52.01,18,D
53,61.07,17,D
151,26.43,24,D
108,28.72,22,D
177,51.13,4,D
76,80.67,27,D
118,4.99,5,D
74,60.34,11,C
180,80.68,10,D
146,15.69,15,D
74,1.5,19,D
197,31.27,16,D
175,58.81,19,D
182,13.83,8,D
58,42.61,0,D
165,55.23,25,D
183,59.89,2,D
109,27.44,30,D
170,40.0,30,D
188,77.83,20,D
157,94.12,22,D
157,86.19,8,B
180,56.43,21,D
125,41.03,18,C
79,33.3,12,D
70,12.5,22,D
83,10.66,30,D
90,68.84,13,C
100,25.98,19,D
131,25.47,18,D
107,99.82,29,D
124,18.79,22,D
72,14.81,26,D
177,9.87,26,D
199,57.98,6,D
66,62.79,3,D
118,36.52,11,D
157,53.54,22,D
188,78.84,26,D
143,81.81,13,C
64,95.79,1,D
140,82.43,0,A
82,56.48,27,D
174,17.97,30,D
65,9.98,17,D
115,5.45,19,D
96,66.65,7,B
197,80.75,2,D
173,50.87,30,D
50,5.47,25,D
136,53.55,30,D
177,93.57,5,D
116,59.76,21,D
53,80.94,12,D
96,80.02,8,B
87,93.21,8,C
192,77.02,19,D
70,74.77,8,C
106,23.41,30,D
166,5.99,14,D
95,51.76,12,C
191,12.44,21,D
194,96.22,15,D
88,28.99,1,D
186,85.29,25,D
148,38.76,13,D
126,32.32,26,D
164,93.52,5,C
183,36.33,1,D
200,39.03,7,D
140,10.61,3,D
147,67.04,20,D
169,28.88,23,D
95,58.56,13,C
87,59.14,10,C
191,71.92,23,D
149,74.52,27,D
121,51.45,13,C
84,33.1,11,D
196,83.75,15,D
79,30.99,5,D
127,50.75,19,C
133,40.13,30,D
162,85.51,0,C
74,43.19,11,C
137,38.61,6,D
63,68.98,7,D
151,60.24,8,B
199,10.72,1,D
132,50.82,16,C
159,73.55,19,C
180,99.21,12,D
68,62.91,4,D
77,37.03,9,D
120,22.62,11,D
112,87.28,16,C
122,81.46,20,D
173,23.39,5,D
168,20.06,2,D
170,71.51,27,D
68,31.5,14,D
191,30.64,6,D
169,15.23,29,D
110,26.4,5,D
79,42.75,3,C
58,73.28,18,D
113,33.63,4,D
169,32.86,2,D
101,28.49,25,D
138,47.83,24,D
191,18.06,8,D
102,48.56,5,C
127,70.42,12,C
90,2.98,26,D
117,0.98,21,D
57,7.51,27,D
51,53.57,29,D
154,85.45,19,C
174,0.49,3,D
159,93.67,1,B
135,10.63,25,D
169,84.2,3,C
176,48.29,7,D
65,65.94,12,D
111,51.07,9,C
162,47.7,17,C
61,83.49,8,D
84,75.59,29,D
60,48.34,0,D
113,11.16,12,D
99,11.54,17,D
198,80.15,14,D
118,52.94,1,C
97,48.16,10,C
69,68.06,28,D
150,85.88,30,D
186,62.89,13,D
117,76.28,21,D
84,76.53,14,C
114,35.63,13,D
57,27.41,15,D
94,80.12,22,D
136,37.72,28,D
125,90.33,14,C
125,6.97,30,D
96,5.82,18,D
64,92.7,26,D
154,64.85,8,B
196,37.96,4,D
75,75.51,4,C
101,67.23,10,B
142,53.12,27,D
199,9.89,19,D
70,81.22,24,D
100,86.6,23,D
87,17.22,27,D
69,85.05,3,D
181,87.78,19,D
104,54.94,17,C
141,65.62,24,D
77,38.22,2,D
53,28.18,3,D
199,72.2,13,D
125,86.19,6,B
116,65.41,25,D
135,51.16,7,C
140,15.89,23,D
154,5.35,15,D
50,44.57,19,D
121,4.93,14,D
136,56.93,6,C
55,38.27,25,D
194,75.72,16,D
110,30.56,21,D
61,59.3,21,D
55,53.77,21,D
76,0.47,11,D
185,7.24,17,D
173,29.04,23,D
155,88.22,13,C
142,14.7,14,D
158,71.09,14,C
148,97.34,4,A
191,79.06,15,D
84,24.29,4,D
133,90.84,1,A
105,9.31,19,D
190,46.81,27,D
98,88.75,24,D
95,64.13,8,B
162,41.36,21,D
185,29.28,26,D
92,37.51,30,D
197,50.89,8,D
173,31.9,3,D
146,96.9,14,C
139,93.31,10,B
88,87.07,0,C
134,42.18,17,C
111,69.13,28,D
155,90.28,0,B
156,85.04,7,B
103,41.43,24,D
175,11.24,15,D
58,7.56,25,D
137,57.71,27,D
86,64.26,21,D
98,84.98,17,C
90,29.25,21,D
66,16.75,8,D
137,37.9,11,D
70,35.36,18,D
100,13.25,24,D
108,67.23,17,C
90,50.87,26,D
88,72.11,4,C
190,35.27,26,D
60,32.57,1,D
196,47.26,6,D
188,87.74,26,D
126,4.03,9,D
176,80.48,14,D
95,36.9,24,D
94,85.46,6,B
50,80.22,27,D
157,34.88,4,D
68,69.39,14,D
125,15.96,19,D
121,89.63,27,D
158,40.45,19,C
61,45.56,14,D
94,70.58,9,B
139,82.08,23,D
152,23.63,25,D
57,66.14,28,D
140,39.2,25,D
136,36.87,13,D
133,69.0,25,D
131,38.72,25,D
195,34.61,9,D
117,83.59,16,C
176,10.13,20,D
131,67.59,13,C
196,24.87,1,D
133,1.55,15,D
162,16.68,12,D
125,60.67,26,D
171,70.91,8,D
192,2.11,6,D
90,3.64,15,D
51,90.25,9,D
78,7.33,23,D
154,89.42,21,D
100,22.82,8,D
124,74.0,21,D
59,30.97,22,D
191,85.88,6,D
100,70.05,15,C
167,40.18,8,C
170,7.63,26,D
88,73.27,23,D
77,61.69,28,D
52,0.29,16,D
133,0.94,19,D
166,80.88,6,C
51,25.94,10,D
142,63.61,7,B
180,45.42,6,D
193,86.34,27,D
143,91.7,18,C
89,99.68,30,D
51,15.37,19,D
130,86.3,11,B
61,26.6,6,D
114,59.08,7,C
104,50.58,6,C
94,1.8,5,D
150,93.28,24,D
111,7.83,8,D
98,68.82,26,D
176,78.5,12,D
72,79.53,6,C
87,13.55,7,D
77,44.76,21,D
70,82.94,16,C
156,30.27,16,D
195,46.77,15,D
148,27.28,21,D
168,46.36,1,C
122,88.78,29,D
171,45.51,7,D
79,55.59,16,C
157,40.4,12,C
147,46.01,17,C
81,1.52,23,D
128,28.37,27,D
90,43.66,21,D
112,63.38,27,D
72,45.01,9,C
153,33.78,1,D
124,38.81,1,D
97,24.23,26,D
106,92.45,13,C
167,52.17,15,C
149,1.34,6,D
173,1.94,20,D
83,97.3,20,D
56,22.15,23,D
105,80.56,11,B
114,5.83,27,D
96,92.12,22,D
197,87.44,27,D
68,57.11,13,D
195,0.9,24,D
175,25.78,3,D
188,40.68,25,D
98,46.01,3,C
162,29.77,17,D
87,3.29,2,D
113,59.01,0,C
118,52.42,16,C
185,28.3,6,D
165,3.8,29,D
114,99.46,15,C
80,48.2,29,D
181,75.6,4,D
162,45.23,18,C
158,4.32,6,D
118,30.96,13,D
169,32.01,1,D
137,83.84,2,A
116,65.42,16,C
124,27.54,15,D
94,96.77,7,B
53,32.15,17,D
156,99.82,14,C
100,99.62,6,B
99,19.12,26,D
55,31.27,8,D
108,48.6,5,C
174,66.41,17,D
192,52.8,17,D
79,96.94,24,D
171,72.4,25,D
174,21.2,23,D
86,10.51,13,D
173,68.84,13,D
150,15.85,13,D
84,78.77,24,D
136,31.1,3,D
183,32.69,3,D
67,1.08,14,D
162,70.1,14,C
78,11.33,17,D
126,77.29,13,C
108,49.19,25,D
175,78.43,0,D
194,58.39,9,D
158,8.24,28,D
71,76.57,19,C
117,6.98,9,D
118,47.87,9,C
98,17.23,26,D
190,75.23,23,D
158,91.16,1,B
135,55.41,28,D
102,52.71,27,D
172,76.4,26,D
136,0.51,7,D
180,91.78,0,D
91,19.74,30,D
147,98.41,0,A
158,73.63,3,B
100,77.43,6,B
134,65.62,8,B
176,47.17,15,D
70,57.16,4,C
93,4.64,1,D
188,62.4,27,D
152,62.61,22,D
117,89.12,10,B
178,50.57,17,D
141,7.71,24,D
73,30.62,24,D
174,65.56,18,D
190,23.93,12,D
160,28.05,23,D
147,82.05,10,B
188,58.43,19,D
66,50.85,18,D
148,31.85,16,D
131,73.09,4,B
153,28.77,12,D
68,73.71,29,D
134,7.01,26,D
57,86.45,19,D
77,49.96,0,C
54,43.85,9,D
194,61.1,7,D
150,62.42,23,D
167,13.2,28,D
196,75.62,7,D
113,27.59,18,D
140,90.5,5,B
166,81.79,11,C
147,34.63,27,D
60,80.77,6,D
103,35.64,15,D
96,10.09,8,D
189,96.19,20,D
198,65.26,24,D
188,45.61,21,D
54,39.78,9,D
69,32.47,9,D
95,98.14,9,B
61,13.47,19,D
119,31.48,28,D
66,48.55,15,D
164,47.8,0,C
196,47.14,16,D
97,17.58,29,D
157,14.49,25,D
101,25.48,20,D
145,91.45,28,D
119,11.31,13,D
151,75.74,18,C
124,75.75,20,D
200,80.98,20,D
192,88.66,16,D
131,26.3,13,D
141,22.46,7,D
53,46.55,20,D
184,26.51,20,D
158,73.43,8,B
97,63.59,7,B
122,87.5,12,C
121,8.27,16,D
165,91.51,18,C
130,29.33,27,D
130,49.07,6,C
162,43.86,16,C
145,76.03,0,B
121,42.03,4,C
196,94.36,24,D
112,90.25,5,B
87,87.22,25,D
116,7.13,1,D
118,85.43,26,D
62,78.16,24,D
80,10.35,15,D
163,10.74,21,D
71,10.12,4,D
142,1.13,4,D
116,54.86,30,D
103,97.34,11,B
187,43.87,2,D
91,54.08,29,D
113,96.8,15,C
175,25.52,5,D
70,85.85,14,C
84,54.64,14,C
79,56.95,28,D
106,34.32,15,D
96,56.16,19,C
68,7.31,12,D
163,76.46,11,C
57,28.47,9,D
75,88.76,13,C
162,36.79,30,D
120,14.28,1,D
79,69.59,28,D
184,16.46,2,D
116,75.37,8,B
114,96.81,10,B
85,77.96,10,C
74,2.24,24,D
86,59.99,21,D
50,69.54,9,D
192,82.55,25,D
86,5.6,13,D
190,48.01,8,D
185,53.54,19,D
182,16.91,26,D
177,32.24,20,D
176,44.02,9,D
50,83.32,21,D
84,92.94,28,D
153,62.84,30,D
72,39.49,8,D
58,25.4,28,D
83,98.21,4,C
177,98.3,7,D
53,92.5,10,D
151,78.57,0,B
124,32.58,20,D
148,81.7,9,B
121,40.88,0,C
52,32.68,25,D
191,74.49,29,D
83,7.97,21,D
94,4.86,6,D
110,44.8,27,D
132,44.56,13,C
172,89.56,4,D
151,12.62,16,D
65,12.33,21,D
115,14.75,25,D
194,2.97,20,D
168,7.17,5,D
173,65.99,15,D
193,43.16,10,D
151,76.36,9,B
115,99.26,14,C
62,65.9,6,D
160,5.05,22,D
83,10.46,1,D
88,88.1,30,D
185,52.75,11,D
169,82.48,18,C
175,85.66,11,D
104,92.77,15,C
76,94.98,5,C
167,55.48,2,C
102,34.1,1,D
88,96.19,19,C
114,54.74,4,C
194,6.43,10,D
62,64.28,25,D
70,58.77,24,D
196,89.58,2,D
102,65.32,2,B
68,34.91,21,D
106,96.62,4,B
74,80.16,21,D
80,63.04,22,D
130,29.29,10,D
72,37.35,2,D
81,67.0,30,D
123,7.2,12,D
59,25.67,20,D
103,71.39,7,B
101,48.0,19,C
197,40.24,9,D
163,15.15,1,D
63,44.18,3,D
159,77.07,17,C
102,26.4,18,D
128,0.54,3,D
71,66.85,19,C
79,97.26,25,D
53,60.68,8,D
108,11.99,15,D
57,32.07,25,D
61,86.76,5,D
168,23.26,24,D
83,60.77,3,C
131,40.27,8,C
147,20.78,26,D
176,81.34,12,D
124,74.28,8,B
154,66.16,5,B
98,23.63,20,D
128,9.79,18,D
142,57.62,13,C
67,55.37,30,D
145,18.84,20,D
87,5.62,14,D
136,8.07,2,D
137,99.28,4,A
99,78.36,20,D
57,92.2,17,D
183,19.51,13,D
118,96.06,15,C
170,14.27,13,D
113,50.91,8,C
188,82.97,14,D
170,34.98,6,D
114,42.48,13,C
156,12.82,5,D
196,12.29,20,D
186,61.96,14,D
149,67.55,19,C
131,77.73,7,B
192,55.67,1,D
100,64.58,7,B
190,1.35,0,D
132,16.22,25,D
161,98.49,16,C
105,7.6,18,D
194,67.88,4,D
109,17.61,29,D
169,71.67,21,D
187,70.6,19,D
72,23.42,15,D
198,26.96,6,D
62,65.48,6,D
150,39.01,17,D
73,19.45,17,D
157,73.17,1,B
60,15.41,14,D
66,85.56,13,D
74,51.47,30,D
143,10.57,17,D
70,69.41,28,D
133,51.92,8,C
189,29.81,13,D
86,42.25,4,C
91,29.83,10,D
194,26.3,7,D
150,16.36,4,D
97,36.28,28,D
152,25.1,10,D
77,68.34,4,C
90,68.39,16,C
148,50.18,21,D
96,77.79,3,B
195,84.13,14,D
154,57.98,18,C
173,61.89,21,D
62,28.29,1,D
190,89.49,23,D
149,2.42,16,D
80,34.86,11,D
179,72.18,24,D
65,8.01,23,D
186,18.32,16,D
122,58.93,9,C
103,56.0,27,D
149,73.89,30,D
158,81.26,24,D
136,12.86,17,D
186,1.84,18,D
57,68.96,17,D
56,30.14,12,D
85,62.6,13,C
67,15.05,23,D
52,46.9,15,D
77,50.44,17,C
119,58.51,25,D
198,51.32,17,D
77,49.57,15,C
103,33.27,30,D
114,7.12,16,D
149,8.95,6,D
70,43.38,11,C
62,35.58,1,D
106,51.61,9,C
98,30.48,4,D
167,68.79,20,D
103,86.4,2,B
187,29.89,18,D
102,19.3,12,D
93,11.62,11,D
96,61.63,2,B
102,44.39,5,C
123,18.8,13,D
95,65.31,3,B
62,14.85,12,D
151,55.43,18,C
73,52.71,17,C
51,73.42,28,D
130,5.51,2,D
149,88.79,19,C
191,70.3,5,D
187,21.61,15,D
180,18.34,19,D
160,43.17,23,D
151,81.76,2,B
66,84.29,11,D
61,52.05,18,D
165,86.08,18,C
73,0.54,23,D
78,3.52,3,D
171,91.18,0,D
139,77.53,1,B
114,45.07,12,C
133,75.36,29,D
168,95.56,25,D
65,77.21,28,D
153,84.24,12,C
141,76.06,29,D
76,16.82,1,D
183,83.36,29,D
184,19.51,18,D
82,89.26,21,D
104,45.86,23,D
56,67.7,15,D
106,49.72,11,C
175,9.4,0,D
61,29.07,8,D
65,98.37,16,D
92,96.07,9,B
166,32.05,17,D
184,99.63,18,D
160,84.56,6,B
100,61.1,24,D
124,4.01,18,D
57,90.14,23,D
94,55.74,14,C
108,86.85,8,B
181,83.44,9,D
153,83.3,22,D
147,69.82,19,C
128,29.14,19,D
173,33.62,3,D
53,30.85,5,D
139,2.0,3,D
153,58.26,4,C
186,69.88,8,D
168,85.39,11,C
182,14.02,22,D
105,54.42,7,C
145,0.8,20,D
124,9.51,4,D
192,5.42,28,D
81,72.55,10,C
77,8.11,22,D
71,71.65,10,C
66,24.96,12,D
108,87.77,13,C
139,81.31,27,D
155,95.78,7,B
75,88.38,24,D
74,93.33,30,D
187,85.87,29,D
94,69.34,17,C
132,17.03,18,D
60,27.17,11,D
153,21.27,11,D
117,60.36,17,C
144,50.36,9,C
114,86.71,6,B
98,95.27,27,D
101,40.49,17,C
151,50.64,11,C
106,97.15,13,C
96,27.62,14,D
75,79.24,15,C
163,22.52,1,D
54,68.15,29,D
133,25.36,29,D
101,88.37,17,C
154,56.15,30,D
103,18.59,11,D
64,22.44,15,D
110,49.38,12,C
171,96.16,19,D
70,76.96,16,C
95,48.83,17,C
183,33.77,2,D
87,54.93,22,D
111,74.84,9,B
135,78.39,0,B
127,32.46,5,D
95,72.12,2,B
190,65.78,18,D
52,95.91,3,D
55,93.11,28,D
142,78.94,19,C
57,72.34,22,D
157,27.4,2,D
124,84.6,7,B
126,42.75,7,C
99,27.22,26,D
60,38.42,28,D
144,83.59,6,B
119,14.86,1,D
65,45.62,20,D
117,49.24,5,C
148,3.66,27,D
97,19.57,15,D
113,82.67,9,B
139,83.08,3,A
125,29.24,12,D
188,87.49,9,D
150,77.18,20,D
138,41.79,13,C
67,74.84,8,D
68,96.13,10,D
104,45.9,22,D
151,23.84,17,D
167,94.18,10,C
183,60.37,16,D
53,10.53,1,D
157,57.27,2,C
164,50.06,10,C
78,85.56,17,C
108,53.07,26,D
174,25.52,2,D
147,67.56,25,D
66,54.26,14,D
156,23.3,10,D
92,57.36,10,C
129,82.15,30,D
57,2.86,27,D
190,63.09,29,D
155,34.96,27,D
57,29.27,24,D
145,39.26,19,D
143,34.2,27,D
114,83.22,24,D
88,27.48,10,D
130,73.32,18,C
133,9.41,27,D
137,95.14,0,A
135,62.23,26,D
142,70.67,4,B
135,29.8,9,D
93,41.21,9,C
186,22.38,13,D
123,93.25,1,A
85,48.81,3,C
150,63.04,1,B
153,73.43,17,C
115,37.11,12,D
104,72.01,18,C
140,67.6,4,B
71,70.57,19,C
150,48.92,1,C
170,38.29,30,D
142,22.21,10,D
157,82.46,29,D
190,60.84,29,D
59,44.44,25,D
58,94.4,17,D
83,4.78,29,D
178,85.02,5,D
138,99.76,22,D
142,88.69,27,D
120,81.04,9,B
116,37.43,21,D
197,23.13,22,D
166,73.49,16,C
143,30.46,21,D
148,17.6,10,D
162,78.65,18,C
152,31.25,16,D
140,91.44,23,D
139,84.06,3,A
66,84.76,25,D
67,77.16,23,D
165,88.09,25,D
142,80.57,13,C
140,60.25,26,D
131,29.58,19,D
117,88.82,3,A
163,84.06,27,D
50,47.29,13,D
107,3.91,25,D
158,63.85,3,B
197,5.06,5,D
165,92.63,29,D
136,96.16,8,B
59,18.95,20,D
108,67.64,11,B
90,9.23,28,D
154,72.95,25,D
182,34.73,29,D
171,68.11,30,D
194,37.29,7,D
71,14.56,23,D
147,40.61,3,C
117,11.27,30,D
188,57.69,26,D
105,4.1,25,D
198,52.73,24,D
148,88.64,24,D
125,83.79,4,A
75,88.28,5,C
164,92.2,4,C
196,10.45,18,D
158,12.87,26,D
96,55.7,7,C
120,89.4,8,B
89,97.43,14,C
182,4.63,3,D
198,35.58,24,D
181,21.29,8,D
72,75.6,6,C
155,64.02,7,B
133,11.99,14,D
192,48.35,18,D
165,68.54,14,C
158,77.9,4,B
185,2.01,18,D
90,89.05,6,B
161,56.93,5,C
196,81.19,26,D
161,80.79,18,C
152,18.99,24,D
95,11.02,27,D
117,72.13,16,C
171,15.64,9,D
64,84.99,18,D
178,72.62,30,D
160,84.18,30,D
73,29.9,30,D
76,31.66,10,D
89,67.12,14,C
73,3.14,9,D
73,72.65,10,C
53,83.58,22,D
116,41.52,2,C
83,76.49,29,D
165,17.46,2,D
72,32.23,17,D
158,97.43,24,D
118,98.63,10,B
144,51.26,19,C
111,93.43,25,D
106,52.27,28,D
103,29.16,21,D
119,26.69,17,D
150,92.95,24,D
106,17.24,14,D
187,57.96,6,D
184,55.55,9,D
152,73.96,20,D
134,49.92,22,D
110,27.23,29,D
52,16.94,19,D
177,62.08,28,D
135,71.9,9,B
96,56.95,12,C
125,73.84,14,C
87,14.15,22,D
190,88.25,17,D
136,58.24,22,D
107,12.68,30,D
99,46.19,3,C
79,84.48,19,C
150,89.76,16,C
74,26.46,27,D
161,71.13,2,C
175,10.0,20,D
172,3.35,20,D
96,56.04,1,C
167,69.48,3,C
88,79.58,0,C
65,34.02,14,D
71,0.65,24,D
103,47.95,0,C
198,1.59,5,D
65,9.2,6,D
108,32.67,18,D
80,43.72,11,C
81,27.95,30,D
58,58.19,0,D
188,5.53,6,D
59,14.46,18,D
66,69.53,12,D
117,14.21,25,D
97,63.98,11,B
160,5.47,11,D
172,40.74,21,D
198,17.74,12,D
150,10.96,27,D
151,56.7,13,C
114,92.83,21,D
100,5.48,29,D
85,42.16,11,C
130,70.75,19,C
176,46.27,11,D
137,80.65,26,D
153,17.96,5,D
64,95.96,26,D
145,38.52,9,D
172,34.16,19,D
50,87.46,30,D
200,56.39,28,D
171,51.64,23,D
175,72.7,8,D
106,57.98,1,C
130,16.25,6,D
122,67.42,8,B
190,13.35,24,D
119,80.59,11,B
55,98.97,4,D
133,37.74,0,D
101,44.48,21,D
52,4.64,14,D
130,1.37,7,D
112,92.14,0,A
98,12.86,17,D
125,44.58,12,C
161,81.54,28,D
158,88.93,0,B
114,51.94,4,C
130,56.5,17,C
64,66.97,15,D
149,96.14,30,D
81,60.27,25,D
145,55.95,9,C
177,1.45,29,D
195,8.09,3,D
162,57.72,0,C
132,93.62,22,D
92,86.67,7,B
165,98.26,4,C
127,52.78,1,C
107,78.79,23,D
82,84.04,16,C
63,64.8,30,D
181,33.87,6,D
108,47.0,16,C
132,85.79,27,D
183,29.85,5,D
170,92.37,28,D
132,22.98,21,D
76,74.95,14,C
129,63.06,4,B
183,74.96,14,D
62,43.73,17,D
113,93.26,17,C
196,63.25,24,D
129,28.83,20,D
172,63.85,20,D
92,28.68,22,D
138,29.36,5,D
197,39.96,1,D
144,85.24,26,D
200,50.03,16,D
51,67.89,20,D
169,39.2,3,D
71,26.36,11,D
164,95.46,18,C
106,60.36,1,B
121,93.4,25,D
56,20.34,1,D
168,14.69,13,D
163,85.58,14,C
65,68.09,19,D
132,18.66,1,D
121,26.94,3,D
173,80.07,18,D
162,45.39,8,C
61,67.05,6,D
175,31.84,29,D
102,38.12,12,D
124,99.07,26,D
182,24.76,30,D
76,50.65,11,C
189,84.44,2,D
194,23.92,12,D
183,41.52,14,D
146,61.51,13,C
54,48.12,23,D
106,45.95,8,C
127,36.25,12,D
118,58.66,22,D
167,62.44,21,D
169,65.33,3,C
108,7.04,20,D
82,63.1,7,C
111,95.32,2,A
99,54.1,1,C
161,71.53,18,C
68,55.67,27,D
172,85.47,22,D
96,92.96,7,B
82,18.42,16,D
190,43.69,12,D
133,39.24,6,D
184,40.52,8,D
128,12.55,11,D
63,81.36,28,D
196,3.58,13,D
177,52.82,13,D
103,66.19,14,C
197,20.75,2,D
78,90.59,14,C
73,83.85,18,C
131,47.11,23,D
112,41.11,19,C
154,23.66,13,D
106,73.0,7,B
185,13.17,4,D
111,68.02,29,D
66,84.25,18,D
115,22.85,30,D
55,86.64,3,D
107,3.33,13,D
118,91.28,15,C
111,11.84,19,D
131,64.58,23,D
120,25.01,5,D
180,83.66,22,D
59,51.23,24,D
147,13.52,30,D
138,57.1,5,C
84,40.79,2,C
51,66.14,14,D
173,88.19,28,D
73,40.94,2,C
123,28.99,10,D
71,1.45,2,D
88,57.48,27,D
69,40.23,9,D
90,37.46,17,D
197,18.29,0,D
157,43.01,15,C
196,98.44,15,D
133,29.78,26,D
160,59.97,9,C
115,77.65,0,B
102,74.92,3,B
83,32.88,2,D
199,61.09,4,D
116,87.13,11,B
183,1.54,24,D
76,43.57,11,C
59,22.43,12,D
122,38.86,23,D
145,41.6,11,C
97,74.67,24,D
119,9.38,15,D
149,51.26,12,C
108,56.42,4,C
51,49.42,23,D
114,73.19,3,B
132,38.38,20,D
59,94.5,14,D
102,48.18,11,C
128,57.12,18,C
108,82.55,20,D
199,27.52,27,D
97,7.52,18,D
198,70.78,20,D
172,48.3,10,D
71,89.65,29,D
149,98.27,20,D
147,39.91,5,D
74,41.54,8,C
77,40.8,0,C
162,32.46,11,D
94,78.17,25,D
117,75.9,13,C
56,47.86,5,D
98,4.47,0,D
186,30.96,21,D
132,29.23,1,D
178,81.11,23,D
187,8.76,10,D
122,80.57,2,A
95,66.92,9,B
155,73.24,29,D
81,43.22,5,C
55,67.97,5,D
194,60.9,30,D
123,76.9,19,C
163,44.68,20,D
76,47.28,1,C
103,64.36,25,D
134,10.81,30,D
176,43.62,25,D
160,97.2,23,D
64,3.76,9,D
181,31.6,22,D
142,31.41,25,D
172,63.35,5,D
122,10.58,22,D
196,62.85,27,D
141,9.5,16,D
66,9.5,29,D
92,72.82,13,C
170,32.41,4,D
90,97.74,22,D
88,3.74,16,D
162,44.51,1,C
200,11.31,8,D
160,35.14,11,D
96,99.82,18,C
112,88.88,21,D
159,4.83,30,D
118,56.33,6,C
92,64.78,8,B
83,20.95,20,D
89,14.51,15,D
110,90.44,19,C
111,96.88,10,B
107,99.19,11,B
124,78.98,14,C
65,66.35,17,D
131,34.57,18,D
143,17.14,15,D
97,7.9,14,D
187,69.33,4,D
131,78.47,10,B
87,82.65,14,C
176,91.38,28,D
68,87.99,17,D
112,99.97,12,C
126,24.41,3,D
180,76.33,16,D
151,58.65,3,C
114,26.12,15,D
169,98.19,22,D
140,89.79,14,C
57,12.85,13,D
122,2.62,11,D
183,68.83,2,D
156,60.41,9,B
138,93.58,7,B
88,23.4,5,D
162,8.44,21,D
77,25.92,13,D
146,1.89,30,D
86,3.59,16,D
186,91.49,20,D
131,35.2,18,D
105,41.08,15,C
134,1.84,14,D
51,27.05,25,D
107,80.47,14,C
156,61.55,0,B
172,75.38,23,D
163,44.72,22,D
156,30.97,22,D
86,48.28,11,C
128,32.31,9,D
141,83.9,13,C
67,29.77,9,D
147,65.98,9,B
112,13.7,19,D
199,68.69,28,D
188,91.33,30,D
53,60.86,10,D
184,55.99,21,D
110,96.11,15,C
156,62.74,28,D
103,25.96,8,D
137,29.24,14,D
117,70.53,13,C
178,73.54,18,D
104,30.35,30,D
52,34.53,8,D
170,99.11,3,C
178,10.2,20,D
151,40.46,6,C
87,6.24,21,D
134,82.11,25,D
182,9.23,7,D
141,67.4,23,D
70,5.65,7,D
158,67.29,18,C
96,84.3,14,C
133,39.88,15,D
132,52.21,29,D
84,40.15,25,D
118,30.05,21,D
178,80.33,22,D
189,27.2,8,D
76,72.29,25,D
105,20.62,25,D
72,24.99,29,D
70,33.65,11,D
110,58.92,30,D
112,45.44,15,C
171,74.51,3,D
101,21.36,4,D
137,1.07,7,D
104,77.66,0,B
95,82.16,27,D
81,5.95,5,D
104,61.09,14,C
145,37.82,3,D
182,79.39,20,D
85,87.44,10,C
159,85.1,4,B
155,77.72,17,C
107,26.91,23,D
88,81.19,14,C
129,53.35,17,C
146,5.28,19,D
162,45.69,27,D
110,94.22,12,C
186,88.79,4,D
55,10.23,29,D
158,74.41,0,B
84,80.58,21,D
88,27.14,17,D
199,47.16,13,D
167,71.1,4,C
54,43.9,30,D
136,11.28,5,D
125,70.59,26,D
106,91.16,23,D
176,65.25,24,D
78,77.38,28,D
136,35.84,30,D
190,18.32,27,D
95,64.28,15,C
165,32.78,21,D
161,86.01,20,D
200,12.26,11,D
94,43.35,19,C
194,39.67,17,D
153,93.81,1,B
134,15.31,22,D
183,0.98,20,D
157,23.81,22,D
67,82.03,12,D
143,20.93,26,D
199,24.09,16,D
82,12.99,16,D
175,71.54,15,D
171,6.92,20,D
187,33.12,17,D
164,28.25,7,D
77,55.52,29,D
60,73.04,30,D
96,53.29,2,C
176,93.1,16,D
196,95.14,28,D
167,36.15,17,D
192,77.77,25,D
175,73.88,25,D
121,89.3,22,D
156,44.79,5,C
186,53.05,27,D
82,41.58,7,C
68,85.04,22,D
123,22.97,29,D
147,23.97,25,D
190,37.26,12,D
178,23.03,7,D
142,56.1,18,C
97,13.45,5,D
113,32.02,28,D
110,91.34,22,D
88,40.92,14,C
177,74.82,9,D
137,11.35,26,D
75,24.76,16,D
66,80.73,0,D
120,76.3,6,B
62,38.62,28,D
118,95.44,26,D
75,91.06,12,C
98,96.23,2,B
56,42.79,18,D
107,19.75,14,D
98,62.67,4,B
152,68.48,30,D
102,12.54,10,D
111,78.65,21,D
66,1.81,17,D
74,48.27,2,C
180,33.1,5,D
78,74.03,2,C
166,31.28,29,D
75,82.68,4,C
173,59.5,8,D
193,79.39,27,D
74,98.93,18,C
103,67.92,27,D
122,98.5,26,D
169,2.88,12,D
105,33.81,28,D
114,10.79,5,D
142,26.23,10,D
135,83.89,20,D
129,3.23,20,D
157,52.02,26,D
167,56.71,29,D
132,56.12,13,C
196,47.53,5,D
64,79.06,5,D
180,13.35,16,D
188,31.06,10,D
79,61.57,14,C
106,69.1,8,B
195,40.41,20,D
177,87.54,16,D
97,41.55,23,D
185,40.28,6,D
71,3.62,6,D
55,55.11,30,D
153,70.87,29,D
85,11.44,20,D
128,30.54,0,D
165,78.13,24,D
106,36.59,26,D
98,24.16,24,D
131,67.22,7,B
115,19.68,4,D
126,89.57,29,D
94,10.56,18,D
128,70.65,7,B
69,49.95,16,D
172,86.99,18,D
116,12.62,11,D
132,67.79,26,D
52,57.21,22,D
113,48.01,29,D
89,49.14,14,C
108,72.2,3,B
111,93.77,22,D
181,9.13,11,D
109,1.95,26,D
165,80.57,12,C
124,10.82,13,D
171,98.67,4,D
156,61.93,21,D
145,65.09,15,C
140,19.89,29,D
179,24.03,6,D
111,65.94,14,C
98,90.97,12,C
186,98.24,25,D
141,19.8,15,D
173,13.41,11,D
110,5.64,6,D
97,86.83,15,C
185,29.47,22,D
107,0.18,22,D
150,22.38,26,D
161,34.04,12,D
111,99.1,28,D
88,52.35,22,D
107,20.47,2,D
148,33.48,14,D
93,33.03,27,D
78,1.97,2,D
108,13.52,6,D
120,69.52,29,D
141,12.03,17,D
58,23.07,13,D
176,35.07,17,D
183,75.77,18,D
194,58.24,13,D
193,68.9,19,D
180,56.7,5,D
70,68.36,28,D
113,0.28,7,D
139,93.09,25,D
85,11.09,25,D
111,40.62,6,C
125,77.1,19,C
62,43.52,17,D
60,94.68,17,D
103,46.76,14,C
65,87.49,19,D
57,81.08,21,D
153,98.1,18,C
108,92.65,21,D
106,89.81,20,D
89,73.16,20,D
179,36.7,1,D
143,10.61,7,D
187,68.86,20,D
93,97.87,10,B
188,72.66,17,D
129,92.87,22,D
130,80.43,12,C
51,16.31,30,D
189,24.92,8,D
164,34.19,8,D
139,16.83,16,D
72,58.17,6,C
195,97.55,8,D
111,76.15,21,D
162,42.34,0,C
177,0.45,1,D
111,31.33,3,D
87,52.68,13,C
110,32.43,3,D
178,11.1,1,D
198,44.28,7,D
171,25.33,17,D
159,90.92,18,C
62,10.18,13,D
149,4.92,19,D
184,0.53,24,D
71,32.81,9,D
123,66.04,16,C
181,73.04,7,D
72,45.33,27,D
168,68.43,30,D
119,35.99,13,D
133,66.78,20,D
150,4.06,22,D
133,39.08,7,D
77,79.08,30,D
185,80.3,4,D
50,71.61,15,D
112,20.42,7,D
71,24.72,9,D
119,99.61,26,D
174,10.34,7,D
198,18.07,8,D
145,13.0,17,D
128,32.77,2,D
54,21.02,16,D
109,49.77,19,C
169,47.6,14,C
95,90.15,30,D
183,3.47,20,D
105,31.99,26,D
159,59.67,16,C
153,60.48,7,B
126,48.01,1,C
195,81.57,16,D
51,6.27,17,D
57,81.55,30,D
124,49.48,28,D
174,13.38,4,D
87,88.57,8,C
76,64.92,8,C
69,16.35,1,D
189,3.36,1,D
92,14.11,18,D
80,60.88,22,D
140,17.93,26,D
110,22.58,2,D
158,2.51,16,D
140,72.29,13,C
144,81.04,13,C
192,79.68,13,D
193,12.76,5,D
62,90.33,2,D
162,67.23,0,C
84,89.75,29,D
198,44.72,15,D
97,43.7,28,D
84,78.45,3,C
135,9.33,28,D
163,52.09,0,C
149,83.64,16,C
148,83.02,27,D
52,95.61,17,D
134,69.83,25,D
174,20.78,7,D
187,2.03,1,D
132,47.94,26,D
74,51.37,17,C
117,24.03,30,D
110,12.47,26,D
78,58.62,26,D
176,76.43,15,D
68,99.32,25,D
123,75.83,9,B
110,79.36,7,B
69,61.65,11,D
97,98.59,21,D
136,64.0,15,C
188,86.03,11,D
159,94.58,10,B
77,92.99,19,C
108,38.14,18,D
182,7.87,0,D
100,17.19,26,D
198,5.92,2,D
61,10.54,11,D
99,18.47,29,D
181,34.11,8,D
162,54.35,20,D
63,71.17,28,D
81,21.09,21,D
188,67.25,4,D
195,70.43,0,D
104,55.86,9,C
169,90.36,16,C
124,11.1,3,D
70,17.71,14,D
182,42.87,18,D
136,12.67,26,D
108,56.63,7,C
138,39.84,27,D
199,28.46,27,D
132,17.0,22,D
114,33.53,14,D
113,60.8,26,D
120,57.58,30,D
53,16.36,6,D
192,12.49,14,D
153,2.67,7,D
199,1.24,29,D
142,87.98,25,D
191,4.51,22,D
197,73.12,9,D
161,87.2,17,C
168,9.81,3,D
108,43.63,14,C
92,96.23,10,B
61,83.41,21,D
89,48.97,2,C
167,76.26,14,C
69,83.34,2,D
180,34.8,14,D
139,89.22,5,B
143,47.05,0,C
62,52.78,13,D
115,99.97,15,C
86,84.33,0,C
115,36.18,20,D
85,1.03,16,D
75,62.62,25,D
124,70.39,7,B
157,65.08,17,C
92,96.79,15,C
199,86.3,5,D
197,44.88,9,D
57,6.29,9,D
78,47.61,4,C
89,68.92,25,D
177,60.77,27,D
133,53.81,11,C
165,46.88,19,C
193,29.38,16,D
111,27.73,13,D
56,50.02,13,D
94,16.06,2,D
137,34.07,28,D
122,32.4,11,D
86,58.71,19,C
168,6.67,17,D
106,82.97,11,B
57,56.24,1,D
144,67.08,1,B
166,70.31,26,D
159,29.15,16,D
69,47.04,9,D
173,95.62,17,D
102,76.67,21,D
168,96.96,18,C
61,74.63,25,D
66,17.56,20,D
113,6.45,0,D
91,57.77,23,D
143,35.78,28,D
196,27.55,3,D
60,80.72,24,D
147,36.7,3,D
120,31.7,29,D
157,85.0,30,D
107,84.63,30,D
83,35.64,30,D
69,83.25,1,D
99,85.08,18,C
151,42.39,20,D
187,6.65,11,D
101,0.16,9,D
64,52.33,30,D
133,34.41,12,D
180,99.71,28,D
86,77.24,29,D
175,76.13,21,D
89,95.52,22,D
121,88.77,19,C
89,31.82,22,D
105,16.6,14,D
200,74.59,25,D
153,37.83,2,D
188,47.32,22,D
159,63.04,19,C
185,90.79,28,D
142,41.91,12,C
143,78.33,7,B
105,26.83,24,D
109,69.8,6,B
187,0.16,23,D
88,87.15,7,C
77,3.04,17,D
98,71.28,8,B
174,4.63,5,D
62,26.62,26,D
85,49.72,3,C
150,41.99,14,C
75,19.18,4,D
135,33.38,25,D
53,72.77,4,D
131,66.93,6,B
176,7.18,29,D
137,74.73,8,B
176,5.3,6,D
169,54.29,8,C
71,26.01,19,D
179,58.77,9,D
80,26.13,29,D
168,98.5,25,D
60,30.97,3,D
95,24.2,5,D
145,27.85,23,D
59,89.65,13,D
177,63.62,8,D
148,73.07,0,B
161,91.8,16,C
109,91.19,12,C
136,73.89,23,D
194,19.78,26,D
114,84.34,6,B
106,20.38,8,D
155,74.29,10,B
58,68.56,2,D
71,75.89,25,D
190,53.27,11,D
138,63.87,20,D
67,95.33,2,D
164,10.11,14,D
194,30.88,20,D
192,61.14,9,D
155,96.41,0,B
64,9.56,13,D
112,2.25,26,D
62,5.57,19,D
130,5.24,5,D
81,90.78,1,C
186,72.13,28,D
89,67.71,22,D
197,52.26,7,D
131,78.2,0,B
126,15.56,28,D
125,39.19,3,D
87,49.0,26,D
120,11.04,3,D
97,41.95,28,D
67,31.65,4,D
193,3.56,29,D
88,13.67,27,D
138,76.4,27,D
111,1.8,19,D
190,93.43,8,D
158,8.64,22,D
130,79.92,12,C
183,89.86,17,D
126,94.11,16,C
139,86.75,24,D
63,28.76,0,D
144,33.31,21,D
103,42.65,14,C
181,13.93,30,D
88,2.23,1,D
121,86.91,15,C
74,55.41,19,C
126,60.87,21,D
169,92.7,4,C
102,66.51,26,D
180,69.09,21,D
199,78.7,18,D
145,11.63,4,D
121,36.02,1,D
111,96.82,6,B
55,92.29,2,D
81,88.41,16,C
148,45.21,29,D
187,85.72,23,D
180,4.84,23,D
125,14.85,2,D
108,41.4,12,C
80,48.34,6,C
142,26.35,24,D
118,35.65,23,D
101,16.28,2,D
138,48.91,14,C
176,79.38,28,D
80,66.14,17,C
133,10.78,28,D
176,48.76,9,D
199,69.76,22,D
181,52.99,6,D
62,39.17,8,D
94,62.19,4,B
176,96.86,19,D
163,9.49,7,D
69,39.0,13,D
130,40.66,3,C
178,57.7,19,D
192,15.22,27,D
66,17.66,13,D
107,28.54,11,D
121,95.59,1,A
158,73.41,12,C
72,66.17,30,D
121,81.7,0,A
57,12.76,19,D
108,85.93,6,B
160,59.48,27,D
62,33.53,24,D
65,81.59,8,D
168,80.26,27,D
51,84.57,25,D
194,11.55,30,D
79,96.94,16,C
152,95.96,20,D
62,35.75,22,D
145,6.59,12,D
143,16.71,22,D
131,99.28,9,B
62,56.3,15,D
143,35.66,5,D
198,28.82,15,D
161,25.7,10,D
104,66.42,25,D
130,41.94,19,C
165,96.54,2,C
192,68.38,27,D
157,79.2,28,D
102,29.27,8,D
177,7.92,14,D
106,48.78,27,D
101,31.46,12,D
186,20.21,9,D
160,95.26,19,C
50,44.4,23,D
93,17.47,12,D
124,19.87,16,D
147,28.07,6,D
58,99.93,27,D
81,26.8,5,D
64,32.88,12,D
189,65.93,27,D
185,29.4,16,D
121,21.58,14,D
61,15.86,3,D
114,31.27,27,D
156,10.59,14,D
91,1.86,13,D
164,80.46,20,D
188,13.79,10,D
152,77.6,23,D
144,79.75,30,D
66,53.79,3,D
134,30.97,2,D
200,14.5,1,D
105,73.68,19,C
183,60.14,26,D
135,65.55,9,B
151,0.87,29,D
103,92.75,12,C
164,6.63,19,D
188,36.68,28,D
137,40.27,25,D
98,0.14,20,D
198,49.71,28,D
164,75.28,22,D
112,82.33,24,D
153,87.94,17,C
132,48.77,20,D
152,63.06,15,C
66,7.95,10,D
55,48.8,9,D
196,15.48,8,D
77,36.96,11,D
87,32.93,29,D
168,42.35,28,D
86,57.16,18,C
164,90.29,0,C
117,39.45,17,D
92,98.11,13,C
107,75.9,21,D
62,51.15,20,D
101,64.4,0,B
107,10.22,16,D
81,84.45,10,C
154,58.24,19,C
132,98.61,27,D
148,63.64,14,C
153,83.41,3,B
77,79.98,14,C
178,34.55,21,D
97,25.96,21,D
89,43.05,25,D
146,46.72,13,C
163,24.01,21,D
181,89.46,0,D
186,54.25,25,D
160,97.84,8,B
193,81.0,26,D
125,55.57,6,C
80,94.7,22,D
168,50.49,10,C
191,88.71,22,D
74,35.81,1,D
83,37.86,1,D
116,41.81,5,C
167,54.66,22,D
122,55.35,18,C
75,49.64,28,D
197,30.6,19,D
153,92.72,13,C
59,58.86,27,D
116,40.77,2,C
54,65.12,6,D
76,76.8,6,C
162,96.07,3,C
64,49.95,28,D
154,11.21,22,D
93,44.08,4,C
75,47.9,16,C
144,89.7,25,D
133,39.48,3,D
189,95.33,22,D
181,48.51,12,D
136,97.38,15,C
161,0.82,15,D
178,89.88,30,D
138,93.11,1,A
115,96.1,17,C
180,1.31,0,D
171,17.17,17,D
198,65.38,25,D
133,2.55,29,D
165,6.36,7,D
165,22.11,10,D
87,51.24,23,D
192,54.59,23,D
159,3.43,14,D
95,17.04,15,D
74,49.97,16,C
70,59.39,16,C
170,14.84,11,D
171,39.88,9,D
182,90.44,19,D
119,99.89,5,B
162,98.72,7,C
156,88.17,12,C
161,39.47,1,D
157,68.66,28,D
96,41.66,18,C
140,64.85,21,D
67,30.94,9,D
198,60.62,3,D
153,52.38,11,C
200,2.45,17,D
89,79.07,6,C
187,1.19,19,D
138,29.32,23,D
110,0.59,23,D
54,37.62,22,D
171,6.32,25,D
104,91.35,24,D
86,41.57,3,C
105,45.95,6,C
151,34.99,9,D
142,62.75,25,D
122,78.44,14,C
108,64.81,11,B
51,74.82,0,D
153,90.6,19,C
100,86.35,17,C
79,67.41,24,D
60,21.46,15,D
157,63.77,4,B
125,50.61,18,C
139,71.72,3,B
172,83.29,5,D
174,74.27,25,D
171,84.66,16,D
143,6.39,6,D
152,3.16,23,D
80,25.85,22,D
101,90.07,6,B
138,82.37,8,B
125,68.27,12,C
178,70.08,19,D
71,72.67,13,C
89,94.26,15,C
150,83.22,22,D
160,62.34,8,B
178,66.57,14,D
114,21.37,4,D
198,65.73,17,D
128,42.47,30,D
71,15.3,20,D
148,80.64,19,C
57,51.02,7,D
66,97.74,14,D
66,28.17,20,D
139,48.07,24,D
190,44.8,8,D
194,12.08,18,D
130,42.61,28,D
127,28.76,25,D
55,16.03,30,D
159,28.22,21,D
63,23.33,5,D
121,73.41,3,B
192,3.08,10,D
103,61.75,28,D
76,76.07,9,C
62,48.07,2,D
109,93.16,0,B
55,70.79,11,D
107,74.79,22,D
98,19.69,14,D
200,77.73,14,D
75,83.21,20,D
96,36.13,13,D
54,21.34,25,D
69,38.51,30,D
183,73.96,6,D
108,41.76,16,C
195,73.67,23,D
181,11.36,18,D
66,80.6,6,D
63,25.32,27,D
62,24.89,2,D
184,59.04,29,D
177,7.01,2,D
93,2.63,25,D
168,26.1,24,D
192,53.81,28,D
68,90.76,17,D
112,84.64,29,D
130,49.04,19,C
196,3.71,21,D
197,53.53,13,D
149,70.48,2,B
171,33.92,27,D
93,11.11,25,D
153,27.86,29,D
110,77.16,25,D
174,35.12,6,D
194,81.2,6,D
120,31.95,30,D
156,16.36,4,D
99,43.58,2,C
114,45.23,17,C
148,1.61,14,D
81,11.7,30,D
190,18.49,19,D
107,11.36,13,D
177,34.15,30,D
191,96.46,28,D
161,50.92,3,C
117,62.76,26,D
89,35.64,23,D
193,32.35,7,D
181,2.31,28,D
139,50.03,20,D
77,48.36,12,C
145,15.78,21,D
80,76.43,7,C
52,49.27,14,D
185,33.9,16,D
73,14.69,4,D
64,55.22,19,D
94,75.28,3,B
57,28.2,10,D
120,21.88,17,D
157,52.19,9,C
164,15.53,16,D
152,66.66,29,D
174,60.53,14,D
106,8.71,5,D
79,3.65,22,D
195,62.03,20,D
163,29.43,15,D
166,8.64,14,D
109,75.94,7,B
147,31.4,8,D
175,45.96,10,D
200,23.68,26,D
143,62.73,1,B
183,30.15,26,D
171,96.8,12,D
157,70.29,3,B
53,13.67,26,D
142,41.67,8,C
200,38.54,4,D
55,53.42,18,D
81,84.19,21,D
155,58.34,30,D
195,6.16,2,D
64,65.54,29,D
171,0.83,20,D
145,78.0,2,B
55,66.66,5,D
161,30.88,27,D
169,29.24,9,D
172,79.83,4,D
116,78.33,29,D
155,35.23,24,D
188,29.89,2,D
92,55.98,21,D
194,0.84,23,D
145,8.27,6,D
181,12.62,21,D
130,18.54,29,D
90,51.2,30,D
182,99.22,17,D
84,65.26,30,D
71,6.13,22,D
199,52.56,7,D
161,49.66,0,C
60,14.42,30,D
52,92.03,24,D
186,44.08,3,D
109,99.46,23,D
125,42.01,30,D
136,60.8,25,D
63,10.48,6,D
67,45.42,13,D
162,23.88,12,D
122,83.56,9,B
72,78.39,22,D
132,82.42,17,C
174,72.36,0,D
118,83.27,3,A
96,20.08,27,D
165,45.2,15,C
79,69.18,15,C
74,63.74,17,C
161,71.64,7,C
74,22.43,9,D
123,9.84,15,D
107,91.68,22,D
143,56.02,23,D
168,15.38,10,D
176,79.34,5,D
74,91.49,0,C
127,16.96,29,D
148,81.74,28,D
165,93.32,28,D
97,93.84,11,B
59,91.42,24,D
148,54.64,5,C
60,35.62,27,D
134,0.73,12,D
198,6.09,25,D
184,42.88,16,D
175,39.93,0,D
113,18.47,7,D
51,39.55,21,D
125,17.47,7,D
170,84.88,23,D
91,29.82,30,D
103,59.86,10,C
124,50.28,13,C
65,5.19,23,D
67,94.22,9,D
139,52.72,14,C
193,32.51,6,D
55,15.81,6,D
157,33.85,9,D
97,2.05,3,D
91,36.36,24,D
125,53.15,27,D
126,87.19,17,C
181,68.74,26,D
179,11.16,24,D
108,14.77,9,D
76,42.81,18,C
128,19.57,13,D
121,2.78,12,D
56,80.5,14,D
160,1.95,15,D
168,83.07,1,C
112,14.41,28,D
173,97.47,3,D
61,60.39,20,D
190,73.5,17,D
92,11.05,28,D
66,86.21,30,D
112,83.92,16,C
169,65.3,9,C
85,50.23,26,D
57,72.15,20,D
118,0.59,8,D
139,59.24,14,C
85,84.74,27,D
77,35.69,11,D
167,10.83,30,D
142,42.09,20,D
125,72.71,27,D
150,10.73,26,D
200,20.6,25,D
193,14.76,8,D
63,79.69,13,D
120,6.29,12,D
173,68.66,27,D
174,36.65,25,D
86,75.58,5,C
78,96.44,18,C
192,11.45,3,D
68,31.44,19,D
155,81.01,16,C
70,26.62,18,D
113,21.51,2,D
76,82.54,28,D
104,98.71,13,C
78,55.69,16,C
197,27.8,12,D
74,39.86,8,D
119,17.01,26,D
112,76.19,0,B
179,77.35,24,D
199,87.51,16,D
65,2.66,15,D
195,56.2,17,D
149,21.43,1,D
79,34.09,13,D
94,78.5,21,D
68,19.2,22,D
83,63.83,26,D
190,65.46,16,D
111,95.41,2,A
167,77.52,1,C
149,80.36,7,B
71,53.16,24,D
160,18.68,28,D
122,42.56,1,C
196,54.95,1,D
87,67.84,25,D
119,60.77,30,D
165,39.4,8,D
128,26.53,29,D
197,16.82,19,D
58,69.38,20,D
81,64.54,28,D
181,68.74,26,D
99,37.25,24,D
131,26.24,5,D
54,75.97,25,D
197,77.36,11,D
136,45.56,24,D
175,61.19,8,D
124,37.35,6,D
71,70.19,29,D
117,83.57,11,B
93,68.82,25,D
83,51.26,24,D
126,45.87,4,C
91,64.23,15,C
186,67.98,4,D
155,55.87,11,C
144,62.49,23,D
184,9.66,25,D
117,95.18,19,C
196,79.08,8,D
177,37.39,22,D
134,56.28,6,C
132,4.73,28,D
144,4.12,30,D
81,25.08,18,D
115,68.97,19,C
165,85.21,22,D
187,55.92,10,D
179,53.21,26,D
109,40.23,29,D
66,16.16,20,D
145,11.84,11,D
193,76.07,2,D
65,92.75,16,D
95,45.83,6,C
156,65.94,21,D
137,91.45,9,B
178,9.01,30,D
188,77.05,22,D
168,61.68,14,C
134,59.86,29,D
53,29.25,1,D
120,68.39,12,C
160,79.48,27,D
99,11.29,3,D
189,53.35,17,D
144,10.13,23,D
141,87.26,22,D
114,50.76,0,C
96,80.8,1,B
155,36.81,1,D
179,12.51,3,D
155,4.15,2,D
73,28.15,16,D
53,24.42,27,D
157,56.04,13,C
68,2.17,1,D
89,52.06,15,C
99,39.18,10,D
124,57.71,24,D
61,70.24,12,D
76,63.41,0,C
162,98.46,24,D
98,13.83,22,D
193,42.97,1,D
179,42.48,1,D
109,41.71,20,D
79,66.38,28,D
133,48.98,4,C
77,51.74,3,C
74,43.24,11,C
145,99.17,25,D
174,92.76,25,D
59,30.77,28,D
91,11.16,27,D
89,83.98,2,C
126,99.72,19,C
154,29.26,9,D
167,35.78,19,D
91,94.16,17,C
96,71.11,20,D
71,29.56,30,D
156,58.1,20,D
76,94.42,20,D
90,81.18,26,D
129,74.18,30,D
138,73.7,26,D
115,17.8,9,D
61,82.47,0,D
122,27.61,5,D
125,93.04,10,B
139,36.46,1,D
59,85.77,6,D
145,26.62,19,D
69,51.45,30,D
88,10.69,20,D
109,66.01,20,D
115,83.61,20,D
114,71.84,17,C
173,52.33,20,D
179,4.51,18,D
106,93.34,3,B
127,70.55,12,C
78,74.59,17,C
64,79.47,19,D
61,74.77,28,D
150,44.11,24,D
133,73.36,23,D
174,62.5,12,D
152,85.4,29,D
73,80.25,30,D
198,4.14,26,D
187,37.89,27,D
159,3.47,18,D
127,10.21,16,D
150,60.14,0,B
195,87.38,5,D
191,11.98,18,D
177,45.11,19,D
107,91.09,0,B
125,81.43,7,B
199,51.97,16,D
85,77.16,20,D
71,52.27,21,D
176,15.81,14,D
129,12.47,17,D
149,18.84,6,D
145,35.09,15,D
197,93.05,6,D
67,79.97,16,D
87,43.28,3,C
200,49.31,11,D
158,26.56,12,D
172,70.44,3,D
193,80.28,20,D
198,23.89,0,D
153,4.18,0,D
189,62.39,6,D
193,56.25,8,D
130,40.21,0,C
136,64.39,15,C
191,55.06,17,D
110,25.06,21,D
95,39.77,30,D
81,42.81,14,C
64,88.02,5,D
93,96.09,1,B
194,89.3,8,D
103,71.92,3,B
93,58.5,12,C
147,68.93,22,D
54,93.91,21,D
158,25.0,10,D
76,53.51,12,C
165,68.96,10,C
136,67.92,18,C
153,25.23,7,D
172,58.67,6,D
128,79.59,24,D
92,47.51,15,C
146,79.33,2,B
80,35.99,16,D
148,93.88,17,C
66,53.39,27,D
132,59.59,26,D
159,3.14,14,D
81,17.03,27,D
190,63.29,16,D
84,41.99,10,C
182,50.82,4,D
78,6.3,15,D
119,83.41,14,C
144,78.45,9,B
71,18.54,13,D
118,63.43,1,B
138,81.83,15,C
121,64.09,18,C
178,31.04,7,D
136,65.61,14,C
145,21.05,9,D
124,31.83,29,D
103,24.01,4,D
137,55.69,19,C
103,10.82,15,D
65,93.33,20,D
148,33.35,25,D
69,21.9,21,D
95,49.65,11,C
176,27.7,22,D
107,53.49,29,D
160,34.85,12,D
178,13.21,8,D
130,26.59,16,D
133,43.84,19,C
119,3.03,27,D
57,77.06,11,D
78,62.18,24,D
161,60.14,4,C
180,54.6,23,D
157,59.03,11,C
158,93.47,0,B
69,0.86,19,D
122,4.78,27,D
53,19.15,15,D
68,16.73,29,D
151,18.12,11,D
190,67.19,8,D
190,45.95,12,D
135,99.18,16,C
101,22.69,16,D
160,31.08,3,D
158,98.42,13,C
135,83.18,18,C
92,46.98,6,C
91,55.46,26,D
139,84.32,2,A
164,48.1,0,C
75,20.6,11,D
200,82.84,14,D
92,53.78,10,C
126,15.3,9,D
186,50.56,1,D
69,41.32,25,D
88,87.68,28,D
61,12.61,3,D
60,87.52,16,D
91,51.22,16,C
60,40.44,27,D
87,16.2,29,D
147,70.08,7,B
68,92.68,22,D
183,37.54,13,D
165,24.16,23,D
162,55.49,28,D
114,79.62,3,B
148,0.38,5,D
121,63.14,30,D
101,59.65,28,D
167,31.82,18,D
169,45.14,26,D
56,24.7,28,D
60,78.99,23,D
152,63.45,3,B
110,53.27,2,C
117,39.25,19,D
189,29.14,5,D
151,82.27,26,D
159,45.14,22,D
189,50.14,6,D
100,52.08,13,C
166,44.84,30,D
95,25.61,11,D
102,12.03,15,D
137,9.85,19,D
170,75.75,7,C
62,22.35,22,D
138,5.57,1,D
174,79.75,12,D
167,15.41,7,D
103,62.51,24,D
165,33.86,20,D
167,12.65,30,D
53,41.45,19,D
124,1.48,15,D
98,84.1,3,B
